Recency,Frequency,Monetary,Cluster,Segment
326,2,0.0,1,Regular
2,7,4310.0,3,At Risk
75,4,1797.24,3,At Risk
19,1,1757.55,3,At Risk
310,1,334.4,1,Regular
36,11,1545.41,3,At Risk
204,1,89.0,1,Regular
232,1,1079.4,1,Regular
214,1,459.4,1,Regular
23,3,2811.43,3,At Risk
33,1,6207.67,3,At Risk
2,2,1168.06,3,At Risk
8,6,6245.53,3,At Risk
52,3,2662.06,3,At Risk
287,1,189.9,1,Regular
3,13,5154.58,3,At Risk
110,2,552.0,3,At Risk
8,4,1313.1,3,At Risk
291,3,320.69,1,Regular
4,1,168.9,3,At Risk
51,4,3545.69,3,At Risk
45,2,1887.96,3,At Risk
72,3,1298.04,3,At Risk
311,1,364.6,1,Regular
25,1,742.9300000000001,3,At Risk
3,3,455.42,3,At Risk
315,2,1628.12,1,Regular
130,1,4008.62,3,At Risk
82,3,850.29,3,At Risk
22,5,2720.56,3,At Risk
5,6,1803.96,3,At Risk
185,6,1839.31,1,Regular
29,3,566.16,3,At Risk
338,2,401.9,1,Regular
16,6,2780.66,3,At Risk
80,1,549.84,3,At Risk
22,1,460.89,3,At Risk
72,4,1582.6000000000001,3,At Risk
64,2,1272.48,3,At Risk
16,15,2998.28,3,At Risk
36,2,2409.9,3,At Risk
46,1,1635.6599999999999,3,At Risk
119,4,1108.65,3,At Risk
303,1,84.3,1,Regular
323,1,225.6,1,Regular
50,2,409.7,3,At Risk
149,1,1710.39,1,Regular
22,3,3280.75,3,At Risk
50,5,1708.1200000000001,3,At Risk
33,9,2842.57,3,At Risk
79,7,11056.93,3,At Risk
301,3,681.0799999999999,1,Regular
75,3,1226.88,3,At Risk
67,5,694.15,3,At Risk
217,3,562.41,1,Regular
24,26,123725.45,2,Occasional
3,12,3578.8,3,At Risk
113,1,668.58,3,At Risk
64,1,600.39,3,At Risk
16,5,806.27,3,At Risk
96,3,803.5600000000001,3,At Risk
1,9,1849.11,3,At Risk
163,2,1760.96,1,Regular
78,1,777.2,3,At Risk
195,1,582.73,1,Regular
12,5,708.37,3,At Risk
26,12,7877.2,3,At Risk
9,4,3750.4,3,At Risk
43,1,256.4,3,At Risk
36,18,6416.39,0,High Value
43,5,5059.32,3,At Risk
1,7,13375.87,3,At Risk
85,4,765.19,3,At Risk
80,2,7829.89,3,At Risk
100,1,509.01,3,At Risk
2,19,4896.66,0,High Value
14,2,2906.85,3,At Risk
367,1,173.55,1,Regular
3,1,172.06,3,At Risk
21,5,5005.46,3,At Risk
22,1,133.4,3,At Risk
58,1,1002.3100000000001,3,At Risk
243,1,476.49,1,Regular
44,1,449.45,3,At Risk
22,4,4067.29,3,At Risk
156,2,197.88,1,Regular
11,6,8933.52,3,At Risk
17,3,428.57,3,At Risk
134,1,707.09,3,At Risk
53,2,5.684341886080802e-14,3,At Risk
73,6,2466.86,3,At Risk
44,4,3153.89,3,At Risk
58,12,1917.78,3,At Risk
71,2,947.4,3,At Risk
94,2,826.88,3,At Risk
2,4,1124.01,3,At Risk
46,7,1303.63,3,At Risk
10,8,1212.05,3,At Risk
8,3,733.89,3,At Risk
143,3,724.0400000000001,3,At Risk
2,49,18740.92,0,High Value
31,13,6229.48,3,At Risk
29,9,2848.23,3,At Risk
17,30,7116.47,0,High Value
54,1,723.38,3,At Risk
1,20,6546.58,0,High Value
23,9,13117.01,3,At Risk
4,1,680.99,3,At Risk
4,3,477.3,3,At Risk
28,4,3281.63,3,At Risk
23,11,5590.86,3,At Risk
17,13,2327.13,3,At Risk
33,8,4495.27,3,At Risk
10,3,1298.66,3,At Risk
336,1,334.93,1,Regular
5,10,5417.93,3,At Risk
39,1,460.40000000000003,3,At Risk
63,2,263.21000000000004,3,At Risk
166,3,416.79,1,Regular
10,13,1139.3500000000001,3,At Risk
82,1,1043.1,3,At Risk
21,3,403.70000000000005,3,At Risk
23,13,4206.27,3,At Risk
315,2,2089.68,1,Regular
96,5,3723.87,3,At Risk
338,1,-1126.0,1,Regular
18,4,114.0,3,At Risk
301,1,-4.5,1,Regular
233,1,73.5,1,Regular
134,4,1258.06,3,At Risk
26,2,398.27,3,At Risk
284,1,176.5,1,Regular
143,2,982.5699999999999,3,At Risk
66,2,138.03,3,At Risk
85,2,586.79,3,At Risk
267,1,1017.68,1,Regular
353,1,383.7,1,Regular
78,2,1312.06,3,At Risk
28,6,2464.89,3,At Risk
1,5,2056.89,3,At Risk
64,1,340.84,3,At Risk
79,6,2582.51,3,At Risk
143,1,599.68,1,Regular
39,2,192.72,3,At Risk
2,13,1745.57,3,At Risk
9,8,4485.72,3,At Risk
1,3,1316.66,3,At Risk
82,3,348.71000000000004,3,At Risk
9,8,1922.28,3,At Risk
60,5,1623.63,3,At Risk
15,1,125.22,3,At Risk
30,1,349.83000000000004,3,At Risk
131,1,1089.18,3,At Risk
92,2,716.35,3,At Risk
8,5,4106.82,3,At Risk
29,1,363.95,3,At Risk
22,5,3852.5,3,At Risk
20,19,13309.039999999999,0,High Value
30,3,981.18,3,At Risk
30,2,355.7,3,At Risk
75,2,1000.39,3,At Risk
47,3,1141.5,3,At Risk
198,2,207.79999999999998,1,Regular
166,1,95.19999999999999,1,Regular
79,1,964.83,3,At Risk
358,1,168.0,1,Regular
39,2,437.82,3,At Risk
8,14,3652.25,3,At Risk
50,2,603.71,3,At Risk
16,5,11990.960000000001,3,At Risk
2,2,1.0658141036401503e-14,3,At Risk
311,3,536.21,1,Regular
5,4,2101.39,3,At Risk
303,1,238.85,1,Regular
8,7,3781.7400000000002,3,At Risk
261,1,456.9,1,Regular
282,2,131.17,1,Regular
73,2,346.7,3,At Risk
23,11,9114.94,3,At Risk
2,35,4064.9900000000002,0,High Value
40,2,519.61,3,At Risk
9,3,1004.72,3,At Risk
227,1,160.54000000000002,1,Regular
316,1,218.45,1,Regular
36,6,1306.98,3,At Risk
35,4,595.4,3,At Risk
21,4,2753.36,3,At Risk
73,3,410.72,3,At Risk
247,1,415.7,1,Regular
40,1,197.71,3,At Risk
239,2,511.36,1,Regular
3,18,7187.34,0,High Value
4,18,1893.95,3,At Risk
234,4,1982.81,1,Regular
17,2,179.94000000000003,3,At Risk
8,1,144.0,3,At Risk
39,1,214.89999999999998,3,At Risk
29,2,646.68,3,At Risk
190,3,9861.38,1,Regular
317,1,452.84999999999997,1,Regular
92,2,437.6,3,At Risk
109,3,418.09999999999997,3,At Risk
38,11,3320.2200000000003,3,At Risk
51,2,618.27,3,At Risk
19,5,3683.13,3,At Risk
10,9,3002.68,3,At Risk
29,7,1032.58,3,At Risk
29,11,2581.04,3,At Risk
190,6,569.5600000000001,1,Regular
59,1,153.12,3,At Risk
22,1,739.1999999999999,3,At Risk
79,2,254.18,3,At Risk
365,1,-7.5,1,Regular
58,2,3.552713678800501e-15,3,At Risk
78,3,1126.85,3,At Risk
23,7,2057.99,3,At Risk
52,1,1193.32,3,At Risk
58,2,643.59,3,At Risk
31,6,3218.98,3,At Risk
278,1,315.6,1,Regular
2,4,2291.19,3,At Risk
85,5,657.25,3,At Risk
29,1,355.53,3,At Risk
22,1,177.31,3,At Risk
16,13,3214.81,3,At Risk
15,3,1339.41,3,At Risk
2,23,13612.07,0,High Value
232,1,180.1,1,Regular
276,1,305.1,1,Regular
106,2,641.13,3,At Risk
212,3,2614.32,1,Regular
23,13,6388.35,3,At Risk
11,7,4478.53,3,At Risk
4,4,769.61,3,At Risk
10,2,1270.88,3,At Risk
57,1,640.5,3,At Risk
59,5,2140.63,3,At Risk
90,2,1689.18,3,At Risk
67,10,5953.25,3,At Risk
33,1,671.69,3,At Risk
239,1,486.1,1,Regular
24,3,1174.58,3,At Risk
115,1,185.9,3,At Risk
25,3,1013.26,3,At Risk
128,6,3344.64,3,At Risk
130,1,477.91,3,At Risk
34,5,1755.38,3,At Risk
5,2,1346.97,3,At Risk
22,13,3669.92,3,At Risk
155,1,318.05,1,Regular
107,4,603.71,3,At Risk
3,1,314.44,3,At Risk
335,1,114.0,1,Regular
322,2,914.53,1,Regular
149,2,2209.85,1,Regular
11,5,601.98,3,At Risk
17,8,3982.72,3,At Risk
11,5,1152.06,3,At Risk
19,1,686.05,3,At Risk
30,1,91.68,3,At Risk
11,1,245.1,3,At Risk
1,12,3817.08,3,At Risk
8,10,4863.88,3,At Risk
325,2,61.75,1,Regular
359,1,-227.44,1,Regular
58,1,620.13,3,At Risk
7,6,3743.18,3,At Risk
151,4,1607.73,1,Regular
10,6,2986.15,3,At Risk
330,1,225.89999999999998,1,Regular
5,2,610.52,3,At Risk
12,7,1919.31,3,At Risk
25,6,1331.39,3,At Risk
42,13,17588.26,0,High Value
52,9,1058.67,3,At Risk
1,4,862.81,3,At Risk
15,27,13677.59,0,High Value
4,31,12288.22,0,High Value
4,20,8221.09,0,High Value
8,7,2283.63,3,At Risk
28,6,2863.08,3,At Risk
372,1,89.14,1,Regular
114,1,4873.8099999999995,3,At Risk
26,2,1247.61,3,At Risk
206,1,389.01,1,Regular
28,6,1035.8,3,At Risk
121,6,830.96,3,At Risk
70,2,869.67,3,At Risk
7,4,582.1,3,At Risk
21,5,939.02,3,At Risk
8,6,4867.99,3,At Risk
80,2,797.71,3,At Risk
20,1,219.0,3,At Risk
64,2,274.7,3,At Risk
7,10,2220.84,3,At Risk
15,14,6814.24,3,At Risk
292,1,603.42,1,Regular
30,16,2616.32,3,At Risk
3,26,9294.1,0,High Value
97,4,1130.57,3,At Risk
23,17,4241.63,3,At Risk
1,1,848.55,3,At Risk
9,5,4708.86,3,At Risk
106,1,353.86,3,At Risk
4,2,1053.49,3,At Risk
151,3,980.98,1,Regular
71,1,238.25,3,At Risk
5,3,608.1,3,At Risk
3,29,5713.28,0,High Value
32,7,2628.98,3,At Risk
85,6,904.33,3,At Risk
4,5,725.07,3,At Risk
5,4,1031.41,3,At Risk
371,1,427.8,1,Regular
28,7,2609.1,3,At Risk
11,9,3947.7,3,At Risk
71,4,836.33,3,At Risk
114,1,453.01,3,At Risk
24,14,18793.41,0,High Value
180,1,236.26000000000002,1,Regular
234,1,383.95,1,Regular
353,1,110.39999999999999,1,Regular
315,2,779.5699999999999,1,Regular
333,1,234.0,1,Regular
372,1,155.35,1,Regular
78,2,1013.04,3,At Risk
64,1,427.6,3,At Risk
134,2,546.43,3,At Risk
52,10,9120.39,3,At Risk
2,11,4196.01,3,At Risk
1,224,29072.1,2,Occasional
4,8,3868.2,3,At Risk
129,1,275.88,3,At Risk
81,1,4366.78,3,At Risk
4,11,21024.01,0,High Value
236,5,2949.12,1,Regular
250,4,2203.2,1,Regular
87,1,112.07999999999998,3,At Risk
16,19,4227.7,0,High Value
117,2,2791.59,3,At Risk
52,3,1531.44,3,At Risk
8,2,1898.52,3,At Risk
138,2,494.08,3,At Risk
317,1,1693.88,1,Regular
4,7,6989.63,3,At Risk
239,1,1143.6,1,Regular
211,1,1351.45,1,Regular
60,1,892.47,3,At Risk
17,6,1351.24,3,At Risk
20,7,804.23,3,At Risk
21,12,3868.7,3,At Risk
21,5,707.72,3,At Risk
5,6,2273.32,3,At Risk
2,8,1603.87,3,At Risk
9,2,574.42,3,At Risk
3,2,305.71,3,At Risk
10,3,463.66,3,At Risk
65,1,91.85,3,At Risk
192,1,324.92,1,Regular
374,1,192.60000000000002,1,Regular
257,1,400.53999999999996,1,Regular
335,2,545.48,1,Regular
53,2,860.41,3,At Risk
19,1,430.48,3,At Risk
360,3,194.18,1,Regular
10,3,6977.04,3,At Risk
184,2,412.58,1,Regular
37,3,483.65000000000003,3,At Risk
168,2,484.36,1,Regular
261,3,514.85,1,Regular
45,1,229.64000000000001,3,At Risk
102,1,125.92,3,At Risk
148,2,1063.46,1,Regular
96,2,572.2,3,At Risk
281,1,166.04,1,Regular
178,2,1517.88,1,Regular
3,4,942.34,3,At Risk
214,1,92.72,1,Regular
71,3,918.98,3,At Risk
75,5,1759.5,3,At Risk
60,1,397.12,3,At Risk
3,8,1468.1200000000001,3,At Risk
6,3,430.15000000000003,3,At Risk
3,6,1018.71,3,At Risk
322,3,253.05,1,Regular
38,7,6748.4,3,At Risk
262,1,215.05,1,Regular
32,2,383.03,3,At Risk
145,1,417.38,1,Regular
283,1,312.38,1,Regular
59,4,2612.86,3,At Risk
173,1,134.1,1,Regular
34,2,683.13,3,At Risk
3,16,5583.62,3,At Risk
144,6,2714.27,3,At Risk
5,26,3876.4,0,High Value
70,2,1118.99,3,At Risk
66,9,1680.76,3,At Risk
29,2,325.96000000000004,3,At Risk
267,4,354.09,1,Regular
22,1,871.54,3,At Risk
31,2,1050.8899999999999,3,At Risk
97,1,135.18,3,At Risk
290,2,299.75,1,Regular
108,9,1881.7,3,At Risk
79,5,1289.15,3,At Risk
373,1,38.1,1,Regular
8,8,2162.68,3,At Risk
211,2,1106.4,1,Regular
52,2,504.2,3,At Risk
138,1,147.12,3,At Risk
26,3,1548.07,3,At Risk
283,1,559.12,1,Regular
26,10,3986.22,3,At Risk
186,6,1607.0600000000002,1,Regular
366,1,-14.899999999999999,1,Regular
84,2,380.64,3,At Risk
327,2,599.97,1,Regular
282,1,374.0,1,Regular
143,2,343.2300000000001,3,At Risk
58,2,2218.02,3,At Risk
4,12,1535.77,3,At Risk
18,3,841.64,3,At Risk
45,4,552.5699999999999,3,At Risk
276,1,298.0,1,Regular
9,2,1463.04,3,At Risk
25,4,703.47,3,At Risk
88,1,309.05,3,At Risk
63,4,1158.27,3,At Risk
68,3,1351.09,3,At Risk
214,4,313.77,1,Regular
24,1,380.46999999999997,3,At Risk
186,3,331.0,1,Regular
31,1,188.14,3,At Risk
42,3,347.3,3,At Risk
205,2,216.5,1,Regular
9,36,16293.1,0,High Value
265,1,138.68,1,Regular
18,2,509.58,3,At Risk
12,5,2919.81,3,At Risk
59,4,246.0,3,At Risk
40,8,2128.83,3,At Risk
23,8,3075.04,3,At Risk
3,5,1662.3,3,At Risk
5,5,2483.63,3,At Risk
149,2,363.65,1,Regular
139,5,2982.35,3,At Risk
128,1,594.0,3,At Risk
8,8,1301.44,3,At Risk
17,1,164.23,3,At Risk
4,50,16389.74,0,High Value
161,1,405.38,1,Regular
64,1,176.97,3,At Risk
88,5,929.95,3,At Risk
5,2,694.05,3,At Risk
35,5,2062.7000000000003,3,At Risk
122,2,105.1,3,At Risk
78,4,409.9,3,At Risk
22,20,33462.81,0,High Value
24,4,606.28,3,At Risk
2,8,2156.45,3,At Risk
17,5,1012.9,3,At Risk
15,4,1504.27,3,At Risk
26,1,114.14,3,At Risk
64,8,11581.8,3,At Risk
46,4,876.29,3,At Risk
131,3,683.9,3,At Risk
301,1,-3.75,1,Regular
36,2,604.51,3,At Risk
288,1,462.95,1,Regular
144,11,1407.29,3,At Risk
16,8,2053.7,3,At Risk
31,10,4143.02,3,At Risk
2,3,1843.0,3,At Risk
9,8,1042.07,3,At Risk
6,5,1382.8400000000001,3,At Risk
10,1,329.85,3,At Risk
1,14,4734.26,3,At Risk
306,1,108.07,1,Regular
4,12,3979.04,3,At Risk
7,2,266.39,3,At Risk
8,9,1841.03,3,At Risk
89,1,771.91,3,At Risk
10,1,160.18,3,At Risk
3,4,1194.75,3,At Risk
112,1,135.95,3,At Risk
7,4,452.24,3,At Risk
4,89,10930.26,0,High Value
198,1,144.8,1,Regular
212,1,738.6,1,Regular
156,1,39.239999999999995,1,Regular
156,12,7092.06,3,At Risk
30,2,372.21999999999997,3,At Risk
240,2,377.2,1,Regular
19,1,97.5,3,At Risk
1,3,1215.6200000000001,3,At Risk
74,3,545.0,3,At Risk
292,1,535.32,1,Regular
3,19,6854.51,0,High Value
31,3,409.5,3,At Risk
23,2,503.76,3,At Risk
23,4,414.76,3,At Risk
4,5,902.22,3,At Risk
78,2,200.72,3,At Risk
22,7,1197.94,3,At Risk
196,3,455.88,1,Regular
107,3,534.85,3,At Risk
4,15,9797.92,0,High Value
318,1,120.94999999999999,1,Regular
106,3,149.05,3,At Risk
12,22,5613.43,0,High Value
174,3,468.95,1,Regular
56,1,81.57,3,At Risk
323,2,178.46999999999997,1,Regular
372,1,50.550000000000004,1,Regular
9,11,1311.6200000000001,3,At Risk
1,15,4786.99,3,At Risk
3,16,3365.43,3,At Risk
53,5,3346.28,3,At Risk
73,3,789.89,3,At Risk
7,1,204.0,3,At Risk
16,29,7272.75,0,High Value
4,12,2584.4,3,At Risk
64,2,689.9,3,At Risk
1,8,936.15,3,At Risk
114,6,6912.0,3,At Risk
23,3,659.68,3,At Risk
31,3,1247.5,3,At Risk
11,2,799.48,3,At Risk
39,3,996.52,3,At Risk
357,1,190.55,1,Regular
55,2,642.77,3,At Risk
58,3,886.63,3,At Risk
138,3,881.07,3,At Risk
80,3,908.46,3,At Risk
9,2,676.99,3,At Risk
254,2,471.57,1,Regular
291,1,560.47,1,Regular
99,1,305.28000000000003,3,At Risk
31,2,629.31,3,At Risk
32,18,3079.1,3,At Risk
14,5,1805.91,3,At Risk
64,2,656.6800000000001,3,At Risk
9,28,5684.61,0,High Value
212,1,348.15000000000003,1,Regular
64,4,1201.96,3,At Risk
25,3,271.40000000000003,3,At Risk
250,1,183.4,1,Regular
254,1,307.53,1,Regular
72,1,248.61,3,At Risk
191,1,346.98,1,Regular
13,4,1119.49,3,At Risk
373,1,205.86,1,Regular
24,3,430.9,3,At Risk
82,1,115.46000000000001,3,At Risk
10,2,344.0,3,At Risk
1,27,3717.82,0,High Value
192,1,228.8,1,Regular
267,1,177.15,1,Regular
130,1,919.61,3,At Risk
1,4,729.27,3,At Risk
1,43,12432.28,0,High Value
4,5,220.10000000000002,3,At Risk
179,1,58.08,1,Regular
1,21,27964.48,0,High Value
126,10,3595.48,3,At Risk
4,2,303.75,3,At Risk
158,3,272.38,1,Regular
3,118,57385.88,2,Occasional
9,18,8689.39,0,High Value
21,2,319.82,3,At Risk
71,6,459.83,3,At Risk
267,13,7741.47,1,Regular
21,16,1708.8600000000001,3,At Risk
71,1,74.39999999999999,3,At Risk
33,14,5893.32,3,At Risk
1,41,28658.88,0,High Value
99,1,207.35999999999999,3,At Risk
234,1,101.19,1,Regular
1,27,6336.29,0,High Value
40,1,243.94,3,At Risk
3,6,1098.48,3,At Risk
129,2,59.5,3,At Risk
44,5,1524.07,3,At Risk
373,1,350.06,1,Regular
3,5,766.84,3,At Risk
31,8,1452.8700000000001,3,At Risk
1,40,10510.0,0,High Value
9,14,2205.63,3,At Risk
117,2,485.19,3,At Risk
22,8,984.91,3,At Risk
20,7,1125.0,3,At Risk
239,1,30.599999999999998,1,Regular
269,2,254.73,1,Regular
94,2,922.39,3,At Risk
90,3,3866.33,3,At Risk
5,10,2056.29,3,At Risk
78,1,259.17,3,At Risk
94,1,64.0,3,At Risk
23,4,1039.3,3,At Risk
262,1,77.3,1,Regular
274,2,109.8,1,Regular
73,7,1740.63,3,At Risk
197,1,3096.0,1,Regular
50,11,2545.38,3,At Risk
11,9,3605.08,3,At Risk
22,6,962.39,3,At Risk
16,8,5055.79,3,At Risk
108,3,423.72,3,At Risk
85,6,2385.8,3,At Risk
19,1,307.09,3,At Risk
333,1,110.95,1,Regular
40,5,614.77,3,At Risk
26,1,228.91,3,At Risk
10,4,712.8000000000001,3,At Risk
29,17,3348.48,3,At Risk
14,4,1676.06,3,At Risk
203,2,1250.3700000000001,1,Regular
6,1,486.22,3,At Risk
144,1,-611.86,1,Regular
33,4,971.76,3,At Risk
49,5,1721.57,3,At Risk
95,4,1201.06,3,At Risk
9,5,1379.75,3,At Risk
22,1,91.8,3,At Risk
313,1,112.75,1,Regular
122,5,1644.99,3,At Risk
46,2,1021.48,3,At Risk
282,2,414.7,1,Regular
19,4,791.33,3,At Risk
36,5,1310.14,3,At Risk
64,2,712.88,3,At Risk
27,1,116.00999999999999,3,At Risk
8,5,426.81,3,At Risk
4,2,353.65,3,At Risk
16,3,2817.03,3,At Risk
46,1,492.84,3,At Risk
65,1,282.45,3,At Risk
26,11,5725.47,3,At Risk
45,1,121.18,3,At Risk
8,9,3957.78,3,At Risk
15,12,1648.79,3,At Risk
268,1,71.4,1,Regular
40,5,1539.69,3,At Risk
337,1,236.02,1,Regular
11,1,114.60000000000001,3,At Risk
19,2,260.68,3,At Risk
95,2,911.94,3,At Risk
61,1,117.88,3,At Risk
136,1,60.7,3,At Risk
11,4,1797.78,3,At Risk
10,8,3384.09,3,At Risk
4,39,9803.96,0,High Value
19,4,870.09,3,At Risk
10,4,869.46,3,At Risk
15,2,250.26000000000002,3,At Risk
59,7,1205.9,3,At Risk
30,11,5820.16,3,At Risk
94,1,353.48,3,At Risk
10,3,1197.42,3,At Risk
9,4,780.58,3,At Risk
57,6,1518.43,3,At Risk
268,1,333.74,1,Regular
122,5,133.62,3,At Risk
127,1,62.63999999999999,3,At Risk
78,4,819.2900000000001,3,At Risk
240,2,847.41,1,Regular
200,2,163.20000000000002,1,Regular
60,3,2150.85,3,At Risk
3,8,6083.04,3,At Risk
273,1,108.21000000000001,1,Regular
202,1,257.7,1,Regular
81,1,358.0,3,At Risk
226,1,160.95,1,Regular
4,15,2763.41,3,At Risk
13,7,1357.6,3,At Risk
74,2,605.12,3,At Risk
212,2,101.17000000000007,1,Regular
25,3,727.27,3,At Risk
11,5,680.83,3,At Risk
262,1,329.56,1,Regular
96,4,663.65,3,At Risk
112,3,270.40000000000003,3,At Risk
203,1,600.07,1,Regular
93,1,121.74000000000001,3,At Risk
51,1,430.5,3,At Risk
18,7,1922.1,3,At Risk
18,4,501.12,3,At Risk
125,2,465.68,3,At Risk
92,3,711.41,3,At Risk
157,2,1030.4,1,Regular
4,3,390.66,3,At Risk
14,1,0.0,3,At Risk
12,3,698.58,3,At Risk
62,1,292.32,3,At Risk
61,1,557.62,3,At Risk
269,2,944.1,1,Regular
263,1,200.29,1,Regular
1,35,7454.07,0,High Value
53,5,2107.66,3,At Risk
11,19,3717.67,0,High Value
3,27,4404.44,0,High Value
18,15,3167.64,3,At Risk
1,17,5315.92,0,High Value
366,1,590.0,1,Regular
37,2,178.26,3,At Risk
31,2,276.56,3,At Risk
113,1,138.98,3,At Risk
64,2,590.9300000000001,3,At Risk
16,4,258.4,3,At Risk
41,1,542.73,3,At Risk
64,2,126.30000000000001,3,At Risk
122,3,814.86,3,At Risk
18,6,1047.8400000000001,3,At Risk
60,2,93.66,3,At Risk
323,2,196.15,1,Regular
23,4,2709.12,3,At Risk
156,1,361.11,1,Regular
39,2,578.9399999999999,3,At Risk
190,2,873.74,1,Regular
360,2,197.95000000000002,1,Regular
137,1,87.4,3,At Risk
8,4,2089.85,3,At Risk
1,1,360.0,3,At Risk
268,1,142.5,1,Regular
165,2,365.29,1,Regular
104,4,618.09,3,At Risk
155,1,63.75,1,Regular
351,1,300.42,1,Regular
4,10,2000.86,3,At Risk
120,1,15.0,3,At Risk
23,4,1367.6100000000001,3,At Risk
7,5,1456.79,3,At Risk
9,6,1083.63,3,At Risk
4,2,598.57,3,At Risk
22,5,1555.32,3,At Risk
2,4,578.66,3,At Risk
37,5,5815.49,3,At Risk
64,9,2140.07,3,At Risk
1,3,640.76,3,At Risk
5,36,10664.34,0,High Value
70,6,1491.7,3,At Risk
72,2,567.36,3,At Risk
17,1,199.48000000000002,3,At Risk
3,5,787.85,3,At Risk
32,12,7072.8,3,At Risk
82,1,675.3,3,At Risk
39,9,3617.57,3,At Risk
316,1,1308.48,1,Regular
32,4,740.4,3,At Risk
93,3,1140.93,3,At Risk
14,1,350.9,3,At Risk
82,3,3536.82,3,At Risk
77,1,795.12,3,At Risk
154,3,431.82,1,Regular
201,1,860.12,1,Regular
45,7,10736.48,3,At Risk
261,1,775.85,1,Regular
173,2,303.93,1,Regular
68,3,2543.72,3,At Risk
277,2,377.6,1,Regular
70,1,341.36,3,At Risk
64,1,233.76,3,At Risk
11,1,247.32,3,At Risk
16,3,910.72,3,At Risk
66,1,373.94,3,At Risk
8,2,389.28,3,At Risk
71,1,743.53,3,At Risk
122,1,674.7,3,At Risk
80,1,768.24,3,At Risk
257,1,609.95,1,Regular
269,1,439.03,1,Regular
59,2,431.26,3,At Risk
3,5,3085.4900000000002,3,At Risk
18,2,992.5,3,At Risk
67,2,0.0,3,At Risk
9,3,2191.22,3,At Risk
50,1,56.160000000000004,3,At Risk
257,2,623.4,1,Regular
354,2,263.75,1,Regular
366,2,721.32,1,Regular
90,1,378.64,3,At Risk
61,3,3312.25,3,At Risk
81,2,772.9,3,At Risk
99,3,1019.76,3,At Risk
26,3,572.56,3,At Risk
21,7,3626.81,3,At Risk
281,1,222.99,1,Regular
31,9,4122.28,3,At Risk
330,1,534.57,1,Regular
121,3,627.15,3,At Risk
11,3,797.96,3,At Risk
75,1,544.08,3,At Risk
204,1,59.8,1,Regular
2,10,2312.8,3,At Risk
185,1,307.72,1,Regular
22,4,1325.29,3,At Risk
73,6,1539.18,3,At Risk
192,1,457.34,1,Regular
127,2,621.23,3,At Risk
18,1,75.0,3,At Risk
1,2,252.49,3,At Risk
74,3,572.451,3,At Risk
2,81,27487.41,0,High Value
9,7,988.91,3,At Risk
107,1,213.55,3,At Risk
134,3,1390.5,3,At Risk
44,2,712.5,3,At Risk
5,2,640.83,3,At Risk
12,23,5845.44,0,High Value
64,1,221.06,3,At Risk
135,4,140.35,3,At Risk
40,3,1848.98,3,At Risk
51,2,2601.55,3,At Risk
108,3,1624.21,3,At Risk
1,12,3550.7000000000003,3,At Risk
19,3,582.6,3,At Risk
10,1,218.47,3,At Risk
11,4,1006.8,3,At Risk
19,4,648.6899999999999,3,At Risk
67,2,1269.1,3,At Risk
74,2,534.24,3,At Risk
5,9,3794.4900000000002,3,At Risk
2,1,196.89,3,At Risk
14,7,3408.06,3,At Risk
255,1,283.71,1,Regular
92,1,296.64,3,At Risk
23,4,1104.23,3,At Risk
17,10,3465.67,3,At Risk
24,1,291.88,3,At Risk
27,6,2043.7199999999998,3,At Risk
26,6,2916.45,3,At Risk
259,2,590.0,1,Regular
166,2,356.97999999999996,1,Regular
25,4,1007.35,3,At Risk
18,7,1737.8200000000002,3,At Risk
7,22,9537.92,0,High Value
29,2,183.44,3,At Risk
39,3,1445.0,3,At Risk
183,2,143.25,1,Regular
58,1,674.68,3,At Risk
100,2,297.95,3,At Risk
11,2,1083.71,3,At Risk
2,41,5656.75,0,High Value
99,2,165.0,3,At Risk
1,4,2531.58,3,At Risk
61,3,417.54,3,At Risk
236,1,229.59,1,Regular
191,4,1431.78,1,Regular
179,4,1092.77,1,Regular
38,8,1441.53,3,At Risk
198,3,291.0,1,Regular
46,8,1776.81,3,At Risk
232,1,184.64,1,Regular
66,1,140.34,3,At Risk
241,1,313.8,1,Regular
233,1,454.24,1,Regular
78,3,1122.41,3,At Risk
58,3,575.4,3,At Risk
17,17,8910.61,0,High Value
105,4,449.52,3,At Risk
52,10,1215.82,3,At Risk
136,3,1269.84,3,At Risk
275,2,618.63,1,Regular
312,1,316.26000000000005,1,Regular
8,6,1990.1200000000001,3,At Risk
11,3,617.93,3,At Risk
283,3,321.05,1,Regular
18,7,1146.96,3,At Risk
23,4,1136.77,3,At Risk
243,2,1310.47,1,Regular
17,3,292.0,3,At Risk
71,1,216.85,3,At Risk
64,1,295.93,3,At Risk
68,8,4282.88,3,At Risk
312,3,452.82,1,Regular
3,4,2479.16,3,At Risk
244,1,110.97,1,Regular
9,7,979.72,3,At Risk
1,5,1785.16,3,At Risk
261,1,251.21,1,Regular
127,1,205.1,3,At Risk
74,1,152.20000000000002,3,At Risk
73,4,891.12,3,At Risk
21,3,1389.41,3,At Risk
60,5,2109.07,3,At Risk
86,1,659.4399999999999,3,At Risk
50,2,110.80000000000001,3,At Risk
59,8,3487.75,3,At Risk
1,3,1093.65,3,At Risk
30,1,125.80000000000001,3,At Risk
33,6,3755.38,3,At Risk
41,5,680.1800000000001,3,At Risk
15,2,628.78,3,At Risk
34,8,2263.76,3,At Risk
79,2,307.76,3,At Risk
205,2,483.8,1,Regular
34,1,210.31,3,At Risk
183,3,270.79,1,Regular
2,43,5613.08,0,High Value
1,7,3448.29,3,At Risk
43,7,1280.85,3,At Risk
86,4,605.84,3,At Risk
40,2,291.41,3,At Risk
12,3,626.99,3,At Risk
96,2,682.41,3,At Risk
26,8,916.12,3,At Risk
319,1,91.80000000000001,1,Regular
66,16,3539.53,3,At Risk
74,4,4149.28,3,At Risk
28,2,584.06,3,At Risk
6,4,605.06,3,At Risk
7,1,174.37,3,At Risk
216,1,141.85999999999999,1,Regular
82,3,1799.33,3,At Risk
84,2,777.53,3,At Risk
144,5,647.74,3,At Risk
19,2,240.22,3,At Risk
41,2,874.71,3,At Risk
173,1,192.85,1,Regular
17,2,373.75,3,At Risk
243,1,239.49,1,Regular
13,12,2092.32,3,At Risk
206,1,1384.25,1,Regular
50,2,294.4,3,At Risk
23,5,732.0699999999999,3,At Risk
10,20,6703.3,0,High Value
25,5,1658.3,3,At Risk
15,2,467.04,3,At Risk
309,1,118.0,1,Regular
156,1,781.03,1,Regular
307,1,142.4,1,Regular
32,3,347.0,3,At Risk
16,13,2445.12,3,At Risk
15,2,379.65,3,At Risk
11,7,1976.12,3,At Risk
65,3,1117.13,3,At Risk
36,4,247.95999999999998,3,At Risk
108,6,1990.28,3,At Risk
53,1,396.97,3,At Risk
6,2,697.04,3,At Risk
47,2,167.42000000000002,3,At Risk
1,33,5030.6,0,High Value
312,1,219.52,1,Regular
45,2,693.32,3,At Risk
65,1,428.89,3,At Risk
26,1,164.34,3,At Risk
29,3,280.53999999999996,3,At Risk
40,1,678.01,3,At Risk
12,9,1115.43,3,At Risk
89,4,1158.2,3,At Risk
24,4,1610.46,3,At Risk
313,2,399.99,1,Regular
40,3,544.18,3,At Risk
174,1,177.34,1,Regular
117,1,213.85,3,At Risk
31,7,672.44,3,At Risk
253,1,257.23,1,Regular
59,7,1624.02,3,At Risk
23,11,7792.36,3,At Risk
5,11,1995.68,3,At Risk
100,12,3021.77,3,At Risk
25,6,2117.02,3,At Risk
33,5,1575.16,3,At Risk
68,1,1071.03,3,At Risk
37,6,941.62,3,At Risk
52,3,810.5,3,At Risk
16,1,122.64,3,At Risk
74,1,1033.34,3,At Risk
216,1,354.8,1,Regular
31,3,519.44,3,At Risk
9,5,2597.52,3,At Risk
120,1,252.1,3,At Risk
10,5,1670.22,3,At Risk
257,2,346.6,1,Regular
17,7,1809.34,3,At Risk
35,2,94.2,3,At Risk
46,3,1095.08,3,At Risk
43,6,2707.33,3,At Risk
114,2,932.97,3,At Risk
165,2,379.65,1,Regular
11,2,382.14,3,At Risk
10,7,2421.47,3,At Risk
197,3,1550.85,1,Regular
86,7,879.08,3,At Risk
179,1,189.47,1,Regular
60,3,84.65,3,At Risk
149,1,305.02,1,Regular
3,29,6216.07,0,High Value
51,2,218.55,3,At Risk
75,1,349.7,3,At Risk
301,6,-71.46,1,Regular
19,2,396.92,3,At Risk
151,2,486.82000000000005,1,Regular
152,1,232.6,1,Regular
1,5,2202.31,3,At Risk
18,4,827.83,3,At Risk
187,1,59.5,1,Regular
286,2,64.23,1,Regular
3,7,3119.44,3,At Risk
183,1,72.0,1,Regular
63,1,910.0,3,At Risk
59,1,172.25,3,At Risk
25,5,1466.8700000000001,3,At Risk
325,2,-32.0,1,Regular
4,60,62653.1,0,High Value
31,15,2504.13,3,At Risk
39,1,151.29999999999998,3,At Risk
155,1,308.58000000000004,1,Regular
26,10,2265.12,3,At Risk
318,1,99.5,1,Regular
5,10,2295.31,3,At Risk
8,3,711.86,3,At Risk
303,1,330.79,1,Regular
267,2,806.41,1,Regular
271,1,296.88,1,Regular
4,17,6249.110000000001,0,High Value
32,1,180.48,3,At Risk
219,2,252.06,1,Regular
247,1,228.84,1,Regular
281,8,1053.94,1,Regular
269,1,138.28,1,Regular
32,7,1432.26,3,At Risk
246,2,306.55,1,Regular
15,5,1041.68,3,At Risk
117,4,799.9,3,At Risk
36,1,524.14,3,At Risk
120,4,2369.16,3,At Risk
217,1,199.85000000000002,1,Regular
50,11,1809.81,3,At Risk
39,2,1079.6599999999999,3,At Risk
29,2,333.48,3,At Risk
37,6,1016.14,3,At Risk
136,2,752.6,3,At Risk
219,2,610.59,1,Regular
28,1,491.86,3,At Risk
25,8,2766.18,3,At Risk
5,3,724.0,3,At Risk
200,1,339.59999999999997,1,Regular
18,1,216.9,3,At Risk
241,1,350.75,1,Regular
72,4,666.33,3,At Risk
17,14,3102.42,3,At Risk
3,8,1340.1499999999999,3,At Risk
95,2,1156.36,3,At Risk
151,2,291.54,1,Regular
374,1,79.6,1,Regular
96,5,948.25,3,At Risk
54,5,1647.26,3,At Risk
288,1,296.25,1,Regular
124,6,1186.28,3,At Risk
288,1,741.26,1,Regular
152,2,282.59999999999997,1,Regular
4,10,2154.68,3,At Risk
2,15,5145.12,3,At Risk
12,7,3190.55,3,At Risk
33,2,659.4100000000001,3,At Risk
54,2,286.79,3,At Risk
50,2,1070.65,3,At Risk
204,2,3.552713678800501e-15,1,Regular
63,3,1689.46,3,At Risk
71,3,1521.76,3,At Risk
2,52,16945.71,0,High Value
2,16,2771.87,3,At Risk
64,5,2631.7,3,At Risk
34,3,1132.13,3,At Risk
82,1,345.0,3,At Risk
1,41,25748.350000000002,0,High Value
103,1,178.7,3,At Risk
7,2,360.01,3,At Risk
251,1,127.84,1,Regular
13,6,912.0,3,At Risk
10,11,2462.79,3,At Risk
367,1,230.39999999999998,1,Regular
76,2,309.04,3,At Risk
4,1,348.8,3,At Risk
43,3,1047.68,3,At Risk
66,2,195.55,3,At Risk
1,63,36351.42,0,High Value
117,2,688.86,3,At Risk
310,1,558.32,1,Regular
67,1,324.8,3,At Risk
138,6,3906.27,3,At Risk
255,1,277.07,1,Regular
31,7,2635.79,3,At Risk
52,2,924.6,3,At Risk
64,1,256.38,3,At Risk
367,1,112.6,1,Regular
6,5,1747.66,3,At Risk
305,1,155.05,1,Regular
29,4,899.51,3,At Risk
184,4,591.75,1,Regular
42,3,539.0,3,At Risk
40,5,1353.41,3,At Risk
56,3,1562.12,3,At Risk
22,5,4014.91,3,At Risk
24,4,555.04,3,At Risk
29,2,382.98,3,At Risk
302,3,1140.35,1,Regular
145,2,385.64,1,Regular
6,2,632.0,3,At Risk
19,2,957.66,3,At Risk
33,5,1698.94,3,At Risk
158,2,174.65,1,Regular
58,3,412.05,3,At Risk
22,1,209.49,3,At Risk
359,1,-102.0,1,Regular
16,6,2202.99,3,At Risk
18,2,40.949999999999996,3,At Risk
159,1,384.8,1,Regular
25,4,834.57,3,At Risk
212,2,271.24,1,Regular
6,4,691.73,3,At Risk
253,1,85.0,1,Regular
59,9,3385.62,3,At Risk
11,1,361.62,3,At Risk
65,1,312.98,3,At Risk
25,4,847.61,3,At Risk
92,3,1255.0,3,At Risk
52,2,1537.95,3,At Risk
88,2,1586.81,3,At Risk
96,3,2651.46,3,At Risk
9,2,1056.94,3,At Risk
9,29,8025.0199999999995,0,High Value
169,5,363.4,1,Regular
57,1,216.17,3,At Risk
326,1,201.16,1,Regular
1,6,1240.0,3,At Risk
18,10,2187.31,3,At Risk
245,2,299.56,1,Regular
58,4,501.56,3,At Risk
74,1,145.67000000000002,3,At Risk
31,3,1015.29,3,At Risk
7,2,3192.54,3,At Risk
123,4,3104.95,3,At Risk
2,10,2751.25,3,At Risk
23,14,6389.8,3,At Risk
120,4,381.7,3,At Risk
358,1,540.45,1,Regular
54,5,1786.79,3,At Risk
64,1,122.7,3,At Risk
86,1,117.24,3,At Risk
55,1,1281.53,3,At Risk
21,13,3219.77,3,At Risk
4,22,16989.52,0,High Value
3,6,1131.28,3,At Risk
1,9,2538.75,3,At Risk
7,6,781.3000000000001,3,At Risk
189,2,506.8,1,Regular
71,1,243.56,3,At Risk
204,1,349.55,1,Regular
120,2,605.63,3,At Risk
93,1,416.90000000000003,3,At Risk
1,14,1860.8600000000001,3,At Risk
27,4,632.97,3,At Risk
298,1,821.1,1,Regular
22,5,535.97,3,At Risk
21,5,2588.12,3,At Risk
50,1,311.16,3,At Risk
326,1,155.93,1,Regular
16,2,388.52,3,At Risk
183,3,740.95,1,Regular
72,5,2867.2,3,At Risk
37,2,332.64,3,At Risk
80,5,2347.05,3,At Risk
57,9,2580.91,3,At Risk
4,3,613.95,3,At Risk
50,2,272.04,3,At Risk
50,2,1212.8400000000001,3,At Risk
53,3,350.15999999999997,3,At Risk
352,1,172.25,1,Regular
54,1,351.13,3,At Risk
2,11,1682.08,3,At Risk
36,6,616.65,3,At Risk
23,1,223.85000000000002,3,At Risk
75,1,348.99,3,At Risk
11,4,464.57,3,At Risk
169,3,802.85,1,Regular
58,2,337.34,3,At Risk
86,3,1230.93,3,At Risk
295,1,307.4,1,Regular
109,2,608.7900000000001,3,At Risk
264,1,922.1,1,Regular
171,2,361.28,1,Regular
169,1,158.85,1,Regular
35,1,71.66,3,At Risk
23,4,556.75,3,At Risk
17,4,839.14,3,At Risk
22,7,4912.41,3,At Risk
79,3,561.5699999999999,3,At Risk
65,1,90.6,3,At Risk
361,1,102.0,1,Regular
3,6,2427.32,3,At Risk
11,5,728.56,3,At Risk
176,3,674.45,1,Regular
211,3,3246.091,1,Regular
7,7,3515.68,3,At Risk
2,3,378.59,3,At Risk
154,2,322.96,1,Regular
5,5,1026.42,3,At Risk
372,1,-102.45,1,Regular
79,3,598.2,3,At Risk
21,2,230.22,3,At Risk
22,2,169.55,3,At Risk
308,4,664.54,1,Regular
146,1,80.7,1,Regular
7,20,8986.69,0,High Value
9,11,2702.2200000000003,3,At Risk
71,2,190.25,3,At Risk
287,1,264.7,1,Regular
49,1,413.59000000000003,3,At Risk
31,7,2503.23,3,At Risk
207,1,357.98,1,Regular
15,2,196.79000000000002,3,At Risk
73,1,869.87,3,At Risk
60,1,200.14,3,At Risk
39,5,1861.11,3,At Risk
30,13,2590.46,3,At Risk
27,6,488.03,3,At Risk
4,16,7024.53,0,High Value
17,1,320.46,3,At Risk
20,9,4098.8,3,At Risk
66,2,1266.08,3,At Risk
213,1,311.3,1,Regular
12,7,850.63,3,At Risk
30,1,76.8,3,At Risk
32,12,3409.66,3,At Risk
4,6,2313.14,3,At Risk
15,6,1383.49,3,At Risk
10,15,3865.26,3,At Risk
206,2,633.71,1,Regular
46,4,2030.3300000000002,3,At Risk
134,2,529.73,3,At Risk
43,7,4582.64,3,At Risk
10,5,2874.72,3,At Risk
116,3,962.19,3,At Risk
198,3,685.9300000000001,1,Regular
278,1,328.8,1,Regular
110,3,473.02,3,At Risk
77,1,505.18,3,At Risk
53,1,917.34,3,At Risk
154,5,4328.46,1,Regular
47,4,1398.96,3,At Risk
17,2,642.8,3,At Risk
155,3,631.9,1,Regular
225,1,440.0,1,Regular
7,2,584.07,3,At Risk
122,2,327.7,3,At Risk
61,1,104.82,3,At Risk
63,2,467.66,3,At Risk
18,8,2360.09,3,At Risk
7,23,14634.640000000001,0,High Value
2,18,2929.84,3,At Risk
22,4,512.02,3,At Risk
29,5,1428.02,3,At Risk
285,1,626.65,1,Regular
176,2,147.20000000000002,1,Regular
78,4,1554.48,3,At Risk
33,1,152.2,3,At Risk
41,15,3542.19,3,At Risk
266,1,141.41,1,Regular
27,4,652.82,3,At Risk
109,4,1659.75,3,At Risk
284,1,154.99,1,Regular
9,7,1290.01,3,At Risk
277,2,375.13,1,Regular
17,6,5639.15,3,At Risk
32,2,746.36,3,At Risk
1,26,15477.34,0,High Value
20,1,225.36,3,At Risk
124,2,260.25,3,At Risk
65,1,92.46,3,At Risk
106,1,725.6400000000001,3,At Risk
1,29,8124.4,0,High Value
24,18,6147.4,0,High Value
267,1,183.6,1,Regular
5,20,6135.38,0,High Value
10,12,10464.85,3,At Risk
29,7,1188.32,3,At Risk
267,1,152.55,1,Regular
64,2,374.7,3,At Risk
320,1,265.85,1,Regular
4,9,1307.41,3,At Risk
21,2,139.54,3,At Risk
5,3,942.26,3,At Risk
129,1,122.47,3,At Risk
41,5,499.41999999999996,3,At Risk
102,6,1049.37,3,At Risk
125,1,375.1,3,At Risk
33,1,45.599999999999994,3,At Risk
267,4,904.67,1,Regular
365,1,182.25,1,Regular
4,9,1018.43,3,At Risk
2,19,4435.79,0,High Value
3,2,181.67,3,At Risk
10,14,50415.49,0,High Value
57,1,161.0,3,At Risk
325,1,76.32000000000001,1,Regular
8,17,4063.1,3,At Risk
12,1,442.85,3,At Risk
4,34,57120.909999999996,0,High Value
37,1,147.35,3,At Risk
16,12,3092.9700000000003,3,At Risk
138,1,194.9,3,At Risk
74,6,5976.79,3,At Risk
5,8,1314.73,3,At Risk
155,2,216.20999999999998,1,Regular
85,2,1260.33,3,At Risk
52,8,2688.48,3,At Risk
31,3,594.16,3,At Risk
23,2,80.2,3,At Risk
4,13,5669.65,3,At Risk
14,5,688.6,3,At Risk
23,12,2774.17,3,At Risk
4,8,1377.92,3,At Risk
274,2,386.53,1,Regular
20,5,1382.74,3,At Risk
144,1,90.0,1,Regular
354,1,-19.9,1,Regular
4,6,2740.3,3,At Risk
84,1,419.58000000000004,3,At Risk
11,3,2740.43,3,At Risk
8,4,643.6300000000001,3,At Risk
123,3,709.71,3,At Risk
61,2,637.5,3,At Risk
2,5,1123.8600000000001,3,At Risk
319,1,483.86,1,Regular
2,12,3580.13,3,At Risk
130,5,590.3399999999999,3,At Risk
2,15,4690.31,3,At Risk
2,2,982.3800000000001,3,At Risk
46,1,415.82,3,At Risk
4,3,920.05,3,At Risk
3,6,879.0300000000001,3,At Risk
373,1,311.81,1,Regular
134,1,115.8,3,At Risk
47,5,3148.2,3,At Risk
9,6,2949.57,3,At Risk
49,3,468.4,3,At Risk
234,1,157.2,1,Regular
213,3,259.43,1,Regular
36,2,658.64,3,At Risk
75,3,611.09,3,At Risk
239,2,1345.62,1,Regular
266,1,118.75,1,Regular
10,66,113384.14,2,Occasional
20,3,400.43,3,At Risk
40,1,507.66,3,At Risk
20,14,4678.3,3,At Risk
216,3,1110.52,1,Regular
174,2,289.36,1,Regular
87,4,2445.91,3,At Risk
71,2,1631.77,3,At Risk
276,1,122.53999999999999,1,Regular
39,4,574.84,3,At Risk
98,1,363.79,3,At Risk
11,4,450.84,3,At Risk
33,1,134.46,3,At Risk
51,7,3108.06,3,At Risk
297,5,574.0,1,Regular
85,5,554.46,3,At Risk
9,7,1620.93,3,At Risk
41,2,719.78,3,At Risk
11,31,4640.77,0,High Value
67,1,452.89,3,At Risk
331,1,197.65,1,Regular
9,10,2018.91,3,At Risk
2,24,4604.31,0,High Value
2,14,4660.01,3,At Risk
68,2,853.39,3,At Risk
5,32,11216.75,0,High Value
202,3,962.7,1,Regular
107,1,335.52,3,At Risk
4,7,663.5,3,At Risk
218,1,185.39999999999998,1,Regular
60,9,688.04,3,At Risk
2,1,161.03,3,At Risk
11,4,218.78,3,At Risk
239,2,308.26,1,Regular
95,1,151.74,3,At Risk
11,7,2067.13,3,At Risk
91,7,1900.89,3,At Risk
53,13,2208.3,3,At Risk
90,1,1070.48,3,At Risk
372,1,-1192.2,1,Regular
31,7,1000.23,3,At Risk
12,7,1777.92,3,At Risk
3,4,1839.3,3,At Risk
2,24,1925.3600000000001,0,High Value
43,1,169.48000000000002,3,At Risk
4,1,89.94,3,At Risk
247,2,632.4,1,Regular
42,10,3427.85,3,At Risk
177,1,683.17,1,Regular
92,4,975.23,3,At Risk
110,4,1050.12,3,At Risk
29,7,2201.64,3,At Risk
26,15,3315.71,3,At Risk
52,5,1450.6,3,At Risk
179,5,822.0600000000001,1,Regular
32,8,2043.93,3,At Risk
44,5,1447.51,3,At Risk
22,4,775.46,3,At Risk
10,6,3093.86,3,At Risk
81,2,490.86,3,At Risk
373,1,161.0,1,Regular
326,1,146.85,1,Regular
43,13,2323.5,3,At Risk
30,2,890.34,3,At Risk
184,1,213.70000000000002,1,Regular
235,2,280.55,1,Regular
9,14,2535.88,3,At Risk
176,5,1677.48,1,Regular
111,3,1474.06,3,At Risk
278,1,136.76999999999998,1,Regular
318,1,302.58,1,Regular
7,3,1904.05,3,At Risk
2,5,2879.7000000000003,3,At Risk
254,3,935.0600000000001,1,Regular
51,6,3087.27,3,At Risk
9,10,12650.08,3,At Risk
142,1,120.0,3,At Risk
51,2,1163.45,3,At Risk
8,8,2618.23,3,At Risk
155,3,319.47,1,Regular
109,2,530.18,3,At Risk
151,7,1279.09,3,At Risk
332,1,492.65000000000003,1,Regular
226,1,112.32,1,Regular
74,2,437.96,3,At Risk
51,4,559.97,3,At Risk
88,5,1019.39,3,At Risk
15,4,3957.0,3,At Risk
197,1,134.04,1,Regular
3,15,3729.34,3,At Risk
31,3,578.45,3,At Risk
21,4,1910.01,3,At Risk
24,5,4595.81,3,At Risk
8,4,151.23000000000002,3,At Risk
212,2,413.85,1,Regular
9,6,911.26,3,At Risk
11,6,2307.4500000000003,3,At Risk
2,12,3873.3,3,At Risk
8,14,4819.33,3,At Risk
3,4,1046.56,3,At Risk
40,2,154.70000000000002,3,At Risk
18,6,1284.06,3,At Risk
3,45,50862.44,0,High Value
8,18,2855.35,3,At Risk
19,1,43.2,3,At Risk
108,2,632.04,3,At Risk
223,2,197.1,1,Regular
71,5,1803.76,3,At Risk
51,3,2083.42,3,At Risk
89,6,2995.72,3,At Risk
8,10,2319.68,3,At Risk
225,2,229.71,1,Regular
47,6,1611.59,3,At Risk
107,1,120.0,3,At Risk
21,7,2456.98,3,At Risk
65,1,508.58000000000004,3,At Risk
207,3,343.11,1,Regular
11,5,1530.75,3,At Risk
115,4,574.26,3,At Risk
235,2,166.85,1,Regular
163,1,311.65,1,Regular
9,14,4928.74,3,At Risk
124,2,462.65999999999997,3,At Risk
23,3,866.31,3,At Risk
64,2,351.45,3,At Risk
17,9,2539.46,3,At Risk
16,2,468.26,3,At Risk
17,4,1614.91,3,At Risk
158,4,554.22,1,Regular
235,4,289.90999999999997,1,Regular
219,1,134.7,1,Regular
45,9,2166.38,3,At Risk
21,6,607.71,3,At Risk
127,8,889.9300000000001,3,At Risk
39,1,108.97999999999999,3,At Risk
121,2,1021.58,3,At Risk
260,1,409.57,1,Regular
10,1,133.5,3,At Risk
271,2,258.7,1,Regular
165,1,51.0,1,Regular
157,4,1078.96,1,Regular
215,1,90.6,1,Regular
6,2,163.62,3,At Risk
366,1,174.4,1,Regular
60,4,666.9399999999999,3,At Risk
43,1,225.77,3,At Risk
19,6,882.58,3,At Risk
32,4,2128.23,3,At Risk
22,1,161.2,3,At Risk
109,8,3717.35,3,At Risk
8,19,9167.82,0,High Value
320,1,155.0,1,Regular
295,1,100.5,1,Regular
358,1,76.55,1,Regular
185,1,257.68,1,Regular
191,2,617.05,1,Regular
44,2,348.1,3,At Risk
52,1,202.68,3,At Risk
26,1,626.0699999999999,3,At Risk
38,3,1247.69,3,At Risk
9,3,202.11,3,At Risk
297,1,142.4,1,Regular
33,3,1770.56,3,At Risk
9,10,3172.04,3,At Risk
9,5,999.72,3,At Risk
10,13,4592.47,3,At Risk
218,1,67.95,1,Regular
2,12,3471.91,3,At Risk
65,2,487.99,3,At Risk
1,23,2556.68,0,High Value
141,2,559.7,3,At Risk
4,14,4039.98,3,At Risk
130,5,1426.31,3,At Risk
34,7,1434.72,3,At Risk
119,1,156.75,3,At Risk
107,9,2111.08,3,At Risk
11,7,2606.53,3,At Risk
71,7,1908.25,3,At Risk
16,15,576.3,3,At Risk
311,1,1063.0,1,Regular
35,3,761.3299999999999,3,At Risk
362,1,122.7,1,Regular
92,8,1485.1299999999999,3,At Risk
1,18,5811.56,0,High Value
22,2,490.22,3,At Risk
4,3,1937.25,3,At Risk
11,6,1058.06,3,At Risk
85,2,385.87,3,At Risk
57,2,813.11,3,At Risk
1,6,4263.64,3,At Risk
218,1,265.2,1,Regular
18,1,322.08,3,At Risk
19,16,3918.9,3,At Risk
50,2,363.34000000000003,3,At Risk
7,7,1230.14,3,At Risk
299,2,397.76,1,Regular
10,6,2255.51,3,At Risk
22,6,1372.8,3,At Risk
99,1,89.06,3,At Risk
143,2,-43.400000000000006,3,At Risk
306,1,131.9,1,Regular
320,1,2661.24,1,Regular
8,5,2357.6800000000003,3,At Risk
1,10,1545.14,3,At Risk
2,5,1544.62,3,At Risk
54,7,1400.88,3,At Risk
1,4,1039.58,3,At Risk
19,5,1163.23,3,At Risk
9,2,375.35,3,At Risk
19,4,907.1,3,At Risk
181,3,483.25,1,Regular
60,2,662.59,3,At Risk
11,2,264.44,3,At Risk
190,1,119.93,1,Regular
5,14,3047.63,3,At Risk
311,1,113.64,1,Regular
155,1,1837.92,1,Regular
110,4,383.34,3,At Risk
148,3,2103.06,1,Regular
64,15,1965.9,3,At Risk
98,3,529.62,3,At Risk
247,3,1058.6200000000001,1,Regular
29,7,2272.4,3,At Risk
18,4,598.76,3,At Risk
12,2,461.19,3,At Risk
104,8,1936.84,3,At Risk
74,2,234.34000000000003,3,At Risk
43,2,537.71,3,At Risk
72,6,799.82,3,At Risk
257,1,215.7,1,Regular
20,5,1307.81,3,At Risk
254,2,316.25,1,Regular
11,1,279.05,3,At Risk
165,2,636.51,1,Regular
18,6,2068.15,3,At Risk
150,2,129.2,1,Regular
50,1,321.92,3,At Risk
39,1,165.75,3,At Risk
27,7,1183.58,3,At Risk
51,2,1047.43,3,At Risk
207,1,463.38,1,Regular
175,2,340.93,1,Regular
7,7,2362.84,3,At Risk
26,1,139.56,3,At Risk
51,2,123.8,3,At Risk
312,2,538.8100000000001,1,Regular
301,2,457.47,1,Regular
43,5,1957.32,3,At Risk
26,3,815.32,3,At Risk
88,3,356.85,3,At Risk
64,3,190.31,3,At Risk
20,14,2351.02,3,At Risk
3,6,3543.26,3,At Risk
47,4,673.26,3,At Risk
17,11,5818.7,3,At Risk
17,5,2012.17,3,At Risk
24,7,1368.18,3,At Risk
22,2,276.42,3,At Risk
11,6,1267.4099999999999,3,At Risk
188,2,275.28,1,Regular
101,4,438.49,3,At Risk
61,3,1055.35,3,At Risk
18,6,2102.09,3,At Risk
33,2,330.45,3,At Risk
64,1,174.37,3,At Risk
2,2,270.6,3,At Risk
24,4,974.54,3,At Risk
108,1,241.09,3,At Risk
32,9,1867.68,3,At Risk
9,13,4221.37,3,At Risk
3,86,7711.38,0,High Value
37,1,364.21999999999997,3,At Risk
60,3,620.04,3,At Risk
26,6,2925.91,3,At Risk
236,4,932.85,1,Regular
25,9,1812.6200000000001,3,At Risk
3,25,4075.35,0,High Value
59,4,2841.09,3,At Risk
260,1,171.8,1,Regular
58,1,355.56,3,At Risk
65,2,388.25,3,At Risk
16,2,537.48,3,At Risk
10,3,996.26,3,At Risk
59,8,1461.65,3,At Risk
186,1,103.25,1,Regular
4,21,2916.17,0,High Value
24,2,2024.45,3,At Risk
4,9,2487.02,3,At Risk
4,9,3986.7400000000002,3,At Risk
151,2,652.8,1,Regular
311,1,289.24,1,Regular
11,2,765.62,3,At Risk
18,2,186.23,3,At Risk
152,1,165.07,1,Regular
19,5,859.27,3,At Risk
10,4,2381.04,3,At Risk
57,2,324.14,3,At Risk
64,2,0.0,3,At Risk
7,24,2174.18,0,High Value
76,3,1080.76,3,At Risk
4,22,4709.22,0,High Value
96,6,3073.77,3,At Risk
111,1,1432.0,3,At Risk
35,3,1524.46,3,At Risk
1,1,227.39,3,At Risk
281,2,218.06,1,Regular
3,10,2803.69,3,At Risk
180,13,1603.72,1,Regular
372,1,35.400000000000006,1,Regular
13,4,859.71,3,At Risk
3,1,168.63,3,At Risk
17,1,138.6,3,At Risk
41,1,114.11,3,At Risk
6,5,1052.55,3,At Risk
169,5,1029.26,1,Regular
50,1,157.05,3,At Risk
227,3,134.16,1,Regular
19,10,1598.24,3,At Risk
372,1,39.75,1,Regular
15,4,1447.14,3,At Risk
35,3,570.46,3,At Risk
22,3,617.99,3,At Risk
7,2,379.83,3,At Risk
20,6,1740.6,3,At Risk
11,2,883.15,3,At Risk
44,1,221.97,3,At Risk
306,1,393.33000000000004,1,Regular
11,1,213.96,3,At Risk
275,1,660.0,1,Regular
1,128,11713.85,0,High Value
16,17,11341.1,0,High Value
4,4,1785.15,3,At Risk
72,4,601.56,3,At Risk
243,3,406.08000000000004,1,Regular
9,4,538.59,3,At Risk
239,2,379.51,1,Regular
204,3,393.28000000000003,1,Regular
1,6,1765.76,3,At Risk
185,1,320.58000000000004,1,Regular
32,6,869.35,3,At Risk
57,2,225.85,3,At Risk
185,5,848.48,1,Regular
9,7,2757.07,3,At Risk
312,1,-21.85,1,Regular
91,2,671.96,3,At Risk
4,3,939.21,3,At Risk
51,3,1006.98,3,At Risk
263,1,114.56,1,Regular
266,1,344.90000000000003,1,Regular
36,2,609.85,3,At Risk
51,1,443.6,3,At Risk
52,8,2952.34,3,At Risk
16,8,2042.15,3,At Risk
22,1,110.46,3,At Risk
59,1,96.12,3,At Risk
170,3,668.61,1,Regular
9,4,780.46,3,At Risk
157,2,597.09,1,Regular
2,77,279489.02,2,Occasional
201,1,243.22,1,Regular
5,4,1417.29,3,At Risk
67,2,654.6,3,At Risk
77,1,114.18,3,At Risk
1,7,1947.55,3,At Risk
4,5,1930.15,3,At Risk
169,2,291.05,1,Regular
18,5,838.27,3,At Risk
5,2,247.15,3,At Risk
9,12,2456.53,3,At Risk
87,2,285.74,3,At Risk
27,1,107.95,3,At Risk
29,4,771.17,3,At Risk
20,2,637.89,3,At Risk
61,7,1258.38,3,At Risk
24,1,195.25,3,At Risk
11,27,9231.2,0,High Value
242,3,1269.99,1,Regular
280,2,411.53,1,Regular
235,2,765.55,1,Regular
3,5,1736.4,3,At Risk
16,1,604.75,3,At Risk
31,8,2543.2400000000002,3,At Risk
372,1,-2.55,1,Regular
25,23,26932.34,0,High Value
71,3,498.95,3,At Risk
188,2,52.0,1,Regular
26,5,1236.28,3,At Risk
107,1,628.38,3,At Risk
8,27,5107.38,0,High Value
209,1,112.8,1,Regular
44,3,358.61,3,At Risk
31,5,2114.33,3,At Risk
137,5,582.05,3,At Risk
265,1,172.9,1,Regular
4,9,2070.97,3,At Risk
218,2,188.60999999999999,1,Regular
2,5,1250.76,3,At Risk
214,1,109.13000000000001,1,Regular
32,3,2235.3,3,At Risk
11,12,2486.2200000000003,3,At Risk
1,18,3250.64,3,At Risk
15,1,318.17,3,At Risk
11,9,1546.91,3,At Risk
199,1,179.0,1,Regular
3,4,1096.67,3,At Risk
15,14,4911.14,3,At Risk
14,4,606.13,3,At Risk
10,12,2838.2,3,At Risk
29,3,917.07,3,At Risk
9,12,2664.2599999999998,3,At Risk
24,1,160.19,3,At Risk
25,4,867.38,3,At Risk
43,2,329.68,3,At Risk
2,6,1592.18,3,At Risk
6,3,663.81,3,At Risk
147,1,187.92000000000002,1,Regular
10,6,1158.3,3,At Risk
25,1,718.08,3,At Risk
274,1,268.58,1,Regular
374,1,313.49,1,Regular
1,8,2005.06,3,At Risk
47,3,380.02,3,At Risk
8,10,2686.34,3,At Risk
9,15,9451.54,0,High Value
4,34,5807.6900000000005,0,High Value
4,3,1164.55,3,At Risk
39,9,1289.94,3,At Risk
2,8,3899.1,3,At Risk
191,4,1423.21,1,Regular
12,6,1400.34,3,At Risk
16,9,1088.53,3,At Risk
113,6,1167.16,3,At Risk
248,2,294.3,1,Regular
29,6,1311.79,3,At Risk
44,1,389.64,3,At Risk
87,1,563.15,3,At Risk
45,2,638.05,3,At Risk
10,12,4965.38,3,At Risk
15,1,738.96,3,At Risk
75,1,420.5,3,At Risk
145,4,1484.06,3,At Risk
5,3,1625.97,3,At Risk
294,2,53.8,1,Regular
59,2,255.9,3,At Risk
264,1,300.52,1,Regular
44,2,250.55,3,At Risk
29,3,254.11,3,At Risk
8,8,2423.07,3,At Risk
17,3,139.5,3,At Risk
3,10,10641.6,3,At Risk
232,2,876.42,1,Regular
112,1,139.26,3,At Risk
58,3,1011.9,3,At Risk
51,13,2195.58,3,At Risk
4,2,-17.45,3,At Risk
127,2,730.86,3,At Risk
281,3,386.15,1,Regular
55,2,447.68,3,At Risk
320,1,200.10000000000002,1,Regular
26,2,289.99,3,At Risk
10,2,77.4,3,At Risk
7,2,679.4399999999999,3,At Risk
29,1,197.64,3,At Risk
17,4,745.06,3,At Risk
64,2,0.0,3,At Risk
4,2,214.14,3,At Risk
3,9,1272.11,3,At Risk
166,1,131.45000000000002,1,Regular
1,27,7839.51,0,High Value
53,3,173.74,3,At Risk
51,1,157.7,3,At Risk
48,16,4236.34,3,At Risk
61,1,193.14,3,At Risk
162,3,845.55,1,Regular
9,1,353.27,3,At Risk
15,4,554.65,3,At Risk
75,1,193.39000000000001,3,At Risk
40,15,2175.37,3,At Risk
41,11,2087.88,3,At Risk
370,2,155.43,1,Regular
37,2,778.5,3,At Risk
197,1,271.85,1,Regular
200,2,1110.34,1,Regular
74,3,657.8,3,At Risk
64,2,272.07,3,At Risk
21,4,507.29,3,At Risk
367,1,48.800000000000004,1,Regular
180,3,321.43,1,Regular
10,4,1127.71,3,At Risk
4,12,2226.91,3,At Risk
197,3,2139.76,1,Regular
29,6,644.65,3,At Risk
53,1,197.13,3,At Risk
18,8,1698.35,3,At Risk
10,3,102.44999999999999,3,At Risk
90,5,1641.2,3,At Risk
268,1,62.85,1,Regular
53,6,3295.76,3,At Risk
35,8,2456.8,3,At Risk
64,4,3189.81,3,At Risk
149,1,309.4,1,Regular
22,28,7904.28,0,High Value
312,2,278.15,1,Regular
23,2,511.35,3,At Risk
58,6,2836.69,3,At Risk
9,3,463.05,3,At Risk
78,8,2749.89,3,At Risk
119,2,645.65,3,At Risk
36,3,1311.3799999999999,3,At Risk
60,3,1165.65,3,At Risk
13,5,1352.04,3,At Risk
9,2,168.62,3,At Risk
52,1,125.79,3,At Risk
26,2,841.1999999999999,3,At Risk
29,1,266.76,3,At Risk
7,2,52.2,3,At Risk
11,13,14197.45,0,High Value
186,4,701.33,1,Regular
3,9,2939.64,3,At Risk
4,3,721.95,3,At Risk
262,1,327.25,1,Regular
3,4,522.38,3,At Risk
210,1,519.68,1,Regular
9,5,1448.72,3,At Risk
13,9,1485.54,3,At Risk
77,3,706.19,3,At Risk
20,1,255.4,3,At Risk
27,2,589.7,3,At Risk
19,7,756.64,3,At Risk
132,1,765.3199999999999,3,At Risk
253,1,364.8,1,Regular
79,1,1862.0,3,At Risk
207,1,369.2,1,Regular
336,1,135.9,1,Regular
254,1,125.65,1,Regular
148,2,554.38,1,Regular
10,2,1237.8500000000001,3,At Risk
85,1,655.75,3,At Risk
8,24,11020.26,0,High Value
205,2,468.77000000000004,1,Regular
8,4,1366.38,3,At Risk
23,8,1228.32,3,At Risk
11,10,1414.99,3,At Risk
21,2,314.11,3,At Risk
21,10,2744.48,3,At Risk
2,2,1025.44,3,At Risk
154,3,599.9,1,Regular
3,10,3478.85,3,At Risk
74,1,277.8,3,At Risk
3,7,389.86,3,At Risk
1,248,132572.62,2,Occasional
17,3,841.52,3,At Risk
36,4,1227.43,3,At Risk
86,3,258.83,3,At Risk
71,5,1264.84,3,At Risk
116,2,1610.15,3,At Risk
213,2,977.77,1,Regular
30,2,1316.07,3,At Risk
51,1,749.1,3,At Risk
246,1,310.05,1,Regular
32,1,223.88,3,At Risk
109,3,2372.86,3,At Risk
5,6,964.6800000000001,3,At Risk
366,1,363.53,1,Regular
73,3,1888.84,3,At Risk
297,1,1784.71,1,Regular
9,9,8117.42,3,At Risk
57,4,1617.63,3,At Risk
30,14,5842.95,3,At Risk
14,1,100.9,3,At Risk
72,2,290.82,3,At Risk
23,7,1066.57,3,At Risk
9,2,361.25,3,At Risk
79,1,311.69,3,At Risk
46,15,7912.79,3,At Risk
25,1,289.82,3,At Risk
12,1,336.17,3,At Risk
253,1,58.49,1,Regular
147,3,499.68,1,Regular
59,5,684.97,3,At Risk
8,2,221.27,3,At Risk
11,12,7006.58,3,At Risk
271,1,126.7,1,Regular
10,5,1487.8,3,At Risk
247,1,206.21,1,Regular
96,2,599.0,3,At Risk
15,1,191.32,3,At Risk
50,1,463.8,3,At Risk
30,1,147.59,3,At Risk
68,4,1592.06,3,At Risk
35,3,1116.57,3,At Risk
128,1,114.77,3,At Risk
107,3,1314.45,3,At Risk
37,1,114.39,3,At Risk
57,1,279.94,3,At Risk
57,8,765.86,3,At Risk
72,5,1931.42,3,At Risk
246,1,102.12,1,Regular
19,2,213.27,3,At Risk
198,2,296.75,1,Regular
16,2,326.4,3,At Risk
212,1,334.54,1,Regular
39,2,233.23000000000002,3,At Risk
46,4,540.98,3,At Risk
170,2,429.87,1,Regular
48,1,490.52,3,At Risk
116,4,1641.76,3,At Risk
147,1,1246.32,1,Regular
16,35,6180.49,0,High Value
51,1,502.09,3,At Risk
159,1,156.91,1,Regular
12,3,1261.78,3,At Risk
36,1,308.94,3,At Risk
54,2,423.04,3,At Risk
43,2,260.17,3,At Risk
173,1,170.04,1,Regular
34,1,125.58,3,At Risk
39,4,456.26,3,At Risk
267,1,266.0,1,Regular
9,13,1872.28,3,At Risk
12,4,905.04,3,At Risk
3,12,6763.16,3,At Risk
10,10,1661.33,3,At Risk
33,1,377.01,3,At Risk
80,3,469.0,3,At Risk
31,6,1051.95,3,At Risk
8,4,627.13,3,At Risk
72,2,518.28,3,At Risk
4,4,668.14,3,At Risk
256,5,4464.1,1,Regular
5,11,2571.02,3,At Risk
16,11,4277.66,3,At Risk
90,1,252.73000000000002,3,At Risk
72,3,465.55,3,At Risk
43,7,665.59,3,At Risk
10,52,19786.44,0,High Value
170,1,180.35,1,Regular
199,1,135.93,1,Regular
31,1,537.0,3,At Risk
19,22,7629.38,0,High Value
152,3,633.66,1,Regular
9,16,5064.01,3,At Risk
270,1,343.62,1,Regular
65,5,380.57,3,At Risk
274,1,121.17000000000002,1,Regular
25,5,1727.17,3,At Risk
23,3,1391.61,3,At Risk
319,1,215.78,1,Regular
5,3,697.79,3,At Risk
12,2,302.1,3,At Risk
275,2,1489.5,1,Regular
25,11,2124.9900000000002,3,At Risk
41,11,1325.82,3,At Risk
8,4,303.09,3,At Risk
4,55,54228.74,0,High Value
71,4,987.86,3,At Risk
213,1,370.79999999999995,1,Regular
38,6,3135.98,3,At Risk
32,2,760.59,3,At Risk
78,3,1744.76,3,At Risk
46,2,553.36,3,At Risk
179,1,1109.53,1,Regular
373,1,106.2,1,Regular
94,2,982.07,3,At Risk
10,4,612.43,3,At Risk
105,1,748.87,3,At Risk
78,1,773.03,3,At Risk
173,1,880.85,1,Regular
7,38,9623.35,0,High Value
213,5,893.66,1,Regular
22,6,487.35,3,At Risk
257,1,88.2,1,Regular
282,1,306.94,1,Regular
21,3,1140.27,3,At Risk
10,6,2420.84,3,At Risk
308,1,381.32,1,Regular
54,2,476.96,3,At Risk
215,2,457.81,1,Regular
18,9,4410.14,3,At Risk
104,5,1364.7,3,At Risk
43,1,219.39000000000001,3,At Risk
4,1,248.08,3,At Risk
182,5,649.5,1,Regular
84,1,410.48,3,At Risk
330,6,635.1,1,Regular
9,3,310.03,3,At Risk
31,2,703.36,3,At Risk
167,3,1002.54,1,Regular
18,7,2298.93,3,At Risk
18,7,1407.73,3,At Risk
311,8,247.66,1,Regular
142,5,1291.75,3,At Risk
241,2,463.75,1,Regular
24,7,970.25,3,At Risk
29,3,1567.48,3,At Risk
10,4,3439.41,3,At Risk
30,10,2760.56,3,At Risk
18,1,340.11,3,At Risk
18,4,1352.75,3,At Risk
15,6,1550.13,3,At Risk
134,1,244.8,3,At Risk
246,1,266.4,1,Regular
130,2,343.82,3,At Risk
50,2,457.72,3,At Risk
85,6,1612.13,3,At Risk
7,2,2199.31,3,At Risk
23,2,184.19,3,At Risk
25,23,11117.05,0,High Value
66,1,406.53,3,At Risk
60,8,1419.54,3,At Risk
50,11,3447.4,3,At Risk
170,1,330.11,1,Regular
18,5,977.9300000000001,3,At Risk
128,3,982.42,3,At Risk
15,8,1387.99,3,At Risk
233,2,127.15,1,Regular
3,5,1282.45,3,At Risk
240,2,178.96,1,Regular
52,8,2350.0,3,At Risk
46,1,498.74,3,At Risk
226,1,259.45,1,Regular
8,18,6530.04,0,High Value
4,4,1194.73,3,At Risk
165,3,1313.66,1,Regular
219,2,608.65,1,Regular
11,1,301.29,3,At Risk
134,1,520.8000000000001,3,At Risk
17,11,5303.97,3,At Risk
10,16,4684.24,3,At Risk
31,1,329.25,3,At Risk
74,2,240.27,3,At Risk
1,3,961.49,3,At Risk
4,5,1869.5,3,At Risk
45,1,401.40000000000003,3,At Risk
2,34,18573.68,0,High Value
357,1,158.16,1,Regular
18,2,304.47,3,At Risk
69,3,843.05,3,At Risk
373,1,487.75,1,Regular
321,1,163.0,1,Regular
26,1,106.56,3,At Risk
325,2,1034.5,1,Regular
9,5,1624.05,3,At Risk
323,1,135.75,1,Regular
72,1,224.14,3,At Risk
260,1,40.5,1,Regular
18,7,2186.2,3,At Risk
367,1,87.5,1,Regular
66,5,680.28,3,At Risk
154,2,622.85,1,Regular
29,2,406.76,3,At Risk
70,1,310.62,3,At Risk
14,2,411.41,3,At Risk
2,18,4670.08,0,High Value
1,53,15802.14,0,High Value
120,3,1044.32,3,At Risk
61,1,499.32,3,At Risk
3,22,7521.17,0,High Value
3,1,3861.0,3,At Risk
9,5,656.44,3,At Risk
92,2,193.64,3,At Risk
59,4,1268.7,3,At Risk
79,11,927.84,3,At Risk
26,6,1827.8,3,At Risk
357,1,316.58,1,Regular
85,3,648.8299999999999,3,At Risk
10,4,420.29999999999995,3,At Risk
1,6,867.62,3,At Risk
225,1,331.18,1,Regular
60,2,894.4100000000001,3,At Risk
239,2,88.94999999999999,1,Regular
319,3,325.05,1,Regular
2,8,1661.44,3,At Risk
45,6,615.99,3,At Risk
88,1,96.6,3,At Risk
11,11,5756.89,3,At Risk
176,1,305.75,1,Regular
52,7,1758.92,3,At Risk
366,2,114.1,1,Regular
319,1,585.0,1,Regular
226,3,454.90000000000003,1,Regular
358,3,310.48,1,Regular
234,1,409.40000000000003,1,Regular
311,1,154.41,1,Regular
37,5,1219.4,3,At Risk
66,5,3376.96,3,At Risk
239,2,429.6,1,Regular
113,2,612.06,3,At Risk
277,1,197.0,1,Regular
218,12,2247.51,1,Regular
299,1,321.05,1,Regular
2,4,1412.32,3,At Risk
29,5,1056.54,3,At Risk
10,3,764.34,3,At Risk
45,7,1685.57,3,At Risk
67,9,1738.59,3,At Risk
74,1,316.68,3,At Risk
65,2,631.57,3,At Risk
134,3,2515.84,3,At Risk
238,2,514.15,1,Regular
122,1,356.0,3,At Risk
32,15,6657.36,3,At Risk
9,15,10327.11,0,High Value
36,2,740.78,3,At Risk
16,6,915.3,3,At Risk
127,1,300.36,3,At Risk
67,1,890.85,3,At Risk
149,1,98.45,1,Regular
281,2,232.14999999999998,1,Regular
169,2,623.16,1,Regular
100,8,1780.77,3,At Risk
135,1,254.82,3,At Risk
324,1,178.95000000000002,1,Regular
107,1,156.51,3,At Risk
64,1,393.74,3,At Risk
151,2,1506.1200000000001,1,Regular
338,1,119.3,1,Regular
22,5,1717.36,3,At Risk
24,1,408.8,3,At Risk
16,9,2298.2,3,At Risk
7,16,2485.82,3,At Risk
57,2,721.94,3,At Risk
4,2,716.57,3,At Risk
31,2,609.19,3,At Risk
66,1,135.31,3,At Risk
47,1,255.89999999999998,3,At Risk
355,2,277.40999999999997,1,Regular
172,1,113.12,1,Regular
59,12,2239.9500000000003,3,At Risk
50,1,240.55,3,At Risk
22,3,485.24,3,At Risk
43,5,2306.52,3,At Risk
29,4,935.1,3,At Risk
5,21,7803.7699999999995,0,High Value
26,20,4596.51,0,High Value
201,1,180.94,1,Regular
44,10,3610.31,3,At Risk
10,4,635.04,3,At Risk
2,14,3774.1,3,At Risk
67,11,3787.09,3,At Risk
64,1,496.44,3,At Risk
51,14,5028.12,3,At Risk
290,1,574.02,1,Regular
61,10,680.3,3,At Risk
64,3,1174.35,3,At Risk
96,1,205.3,3,At Risk
271,2,302.27,1,Regular
1,118,59419.340000000004,2,Occasional
75,5,921.1,3,At Risk
110,1,52.0,3,At Risk
199,1,327.97,1,Regular
64,3,551.54,3,At Risk
327,1,165.0,1,Regular
4,1,312.62,3,At Risk
284,1,204.5,1,Regular
44,1,267.13,3,At Risk
49,4,2650.73,3,At Risk
64,2,602.97,3,At Risk
104,1,162.29,3,At Risk
334,1,311.71,1,Regular
53,1,208.75,3,At Risk
35,5,1005.5,3,At Risk
32,2,714.96,3,At Risk
366,4,1661.06,1,Regular
208,1,1028.56,1,Regular
157,3,351.67,1,Regular
54,1,173.97,3,At Risk
66,3,557.57,3,At Risk
81,1,2020.52,3,At Risk
116,2,391.76,3,At Risk
87,1,364.5,3,At Risk
1,5,476.58,3,At Risk
35,2,367.69,3,At Risk
333,1,252.42000000000002,1,Regular
366,1,201.60000000000002,1,Regular
72,1,158.04,3,At Risk
158,2,473.81,1,Regular
373,1,115.65,1,Regular
12,10,1862.14,3,At Risk
255,2,777.02,1,Regular
29,2,277.05,3,At Risk
31,10,2766.5,3,At Risk
5,29,8234.8,0,High Value
40,1,427.93,3,At Risk
362,1,418.92,1,Regular
241,2,318.05,1,Regular
96,2,913.19,3,At Risk
26,9,1330.45,3,At Risk
75,2,602.51,3,At Risk
57,5,1867.69,3,At Risk
21,1,446.94000000000005,3,At Risk
144,1,-1592.49,1,Regular
41,8,2360.55,3,At Risk
137,1,2007.3999999999999,3,At Risk
8,13,2213.11,3,At Risk
129,1,168.0,3,At Risk
40,3,1233.3600000000001,3,At Risk
169,8,3631.8900000000003,1,Regular
9,6,1682.3600000000001,3,At Risk
214,2,596.85,1,Regular
15,8,5927.86,3,At Risk
170,3,635.76,1,Regular
40,1,316.88,3,At Risk
186,1,394.14,1,Regular
270,1,140.54,1,Regular
172,1,500.0,1,Regular
5,5,1515.73,3,At Risk
16,2,231.86,3,At Risk
10,4,2183.54,3,At Risk
326,1,107.45,1,Regular
113,1,288.18,3,At Risk
290,1,94.0,1,Regular
16,3,1339.63,3,At Risk
1,3,815.77,3,At Risk
92,6,666.7,3,At Risk
149,2,626.77,1,Regular
189,1,349.1,1,Regular
18,4,426.61,3,At Risk
34,4,1056.44,3,At Risk
264,1,267.18,1,Regular
84,8,3450.84,3,At Risk
26,5,1346.38,3,At Risk
171,1,190.53,1,Regular
10,3,774.9000000000001,3,At Risk
313,1,572.8100000000001,1,Regular
65,5,3974.37,3,At Risk
85,1,508.8,3,At Risk
25,1,135.86,3,At Risk
59,4,950.36,3,At Risk
323,2,97.7,1,Regular
38,1,43.5,3,At Risk
254,2,383.34,1,Regular
19,7,1429.9,3,At Risk
33,3,1483.14,3,At Risk
15,1,93.78,3,At Risk
27,3,364.90000000000003,3,At Risk
23,1,171.19,3,At Risk
79,3,417.87,3,At Risk
8,6,997.48,3,At Risk
22,1,149.29,3,At Risk
12,3,1122.53,3,At Risk
262,1,200.16,1,Regular
131,1,156.57999999999998,3,At Risk
55,3,383.68,3,At Risk
249,1,594.0,1,Regular
2,8,3212.16,3,At Risk
9,2,1418.26,3,At Risk
264,1,113.5,1,Regular
331,1,155.17,1,Regular
313,1,494.64,1,Regular
26,5,971.22,3,At Risk
30,1,429.84,3,At Risk
30,3,538.73,3,At Risk
2,7,1388.37,3,At Risk
362,1,179.1,1,Regular
283,3,447.22,1,Regular
262,1,237.07,1,Regular
25,1,161.64,3,At Risk
354,1,216.76,1,Regular
94,3,234.6,3,At Risk
29,1,126.14,3,At Risk
338,1,1048.85,1,Regular
20,24,6945.0199999999995,0,High Value
85,1,334.53,3,At Risk
9,4,511.88,3,At Risk
35,5,438.46,3,At Risk
43,4,504.5,3,At Risk
2,1,469.48,3,At Risk
113,1,371.56,3,At Risk
14,10,1465.2,3,At Risk
77,1,454.10999999999996,3,At Risk
40,2,1441.42,3,At Risk
116,1,905.5,3,At Risk
16,16,6568.72,3,At Risk
161,4,233.81,1,Regular
1,5,3563.11,3,At Risk
30,3,2575.0,3,At Risk
93,1,91.32000000000001,3,At Risk
23,4,1090.03,3,At Risk
95,7,3090.85,3,At Risk
28,2,659.4599999999999,3,At Risk
33,7,1967.25,3,At Risk
21,2,1299.23,3,At Risk
18,3,1259.7,3,At Risk
1,35,12396.46,0,High Value
8,4,1131.56,3,At Risk
16,23,5541.46,0,High Value
363,1,147.09,1,Regular
81,1,52.83,3,At Risk
53,7,3497.14,3,At Risk
23,3,979.26,3,At Risk
172,1,492.36,1,Regular
189,6,1000.27,1,Regular
331,1,250.0,1,Regular
12,5,909.23,3,At Risk
156,2,121.0,1,Regular
31,22,14520.08,0,High Value
12,13,2963.19,3,At Risk
45,3,62.43,3,At Risk
233,1,267.03,1,Regular
64,13,1911.89,3,At Risk
2,1,343.5,3,At Risk
36,13,2574.65,3,At Risk
33,2,398.84,3,At Risk
84,1,412.01000000000005,3,At Risk
25,1,440.0,3,At Risk
2,4,811.02,3,At Risk
33,2,148.44,3,At Risk
19,10,2348.82,3,At Risk
254,1,229.33,1,Regular
23,12,3967.78,3,At Risk
22,4,1502.35,3,At Risk
8,2,2007.44,3,At Risk
25,6,1517.08,3,At Risk
19,5,746.92,3,At Risk
173,7,459.9,1,Regular
163,1,110.92,1,Regular
7,1,538.46,3,At Risk
11,1,213.3,3,At Risk
114,1,85.13000000000001,3,At Risk
288,1,127.86,1,Regular
9,11,3542.51,3,At Risk
54,2,292.71999999999997,3,At Risk
7,14,4954.84,3,At Risk
77,4,1655.76,3,At Risk
4,4,575.63,3,At Risk
37,1,436.06,3,At Risk
217,1,90.12,1,Regular
60,1,437.23,3,At Risk
278,1,217.2,1,Regular
12,20,4758.2,0,High Value
24,1,279.77,3,At Risk
29,1,473.65000000000003,3,At Risk
12,5,722.74,3,At Risk
352,1,134.55,1,Regular
9,7,1319.69,3,At Risk
50,2,173.16,3,At Risk
19,1,186.01,3,At Risk
3,3,758.29,3,At Risk
104,5,1375.71,3,At Risk
7,13,4109.97,3,At Risk
12,4,650.4300000000001,3,At Risk
5,7,2552.86,3,At Risk
32,2,607.45,3,At Risk
178,4,702.25,1,Regular
38,1,940.6700000000001,3,At Risk
151,3,258.88,1,Regular
162,1,127.1,1,Regular
69,2,348.6,3,At Risk
121,14,3429.9700000000003,3,At Risk
25,3,682.9100000000001,3,At Risk
24,5,722.61,3,At Risk
177,1,455.3,1,Regular
50,4,913.6800000000001,3,At Risk
253,4,456.58,1,Regular
289,1,-30.19,1,Regular
47,1,388.58,3,At Risk
71,1,199.8,3,At Risk
16,6,1767.53,3,At Risk
101,9,1343.34,3,At Risk
30,2,315.71999999999997,3,At Risk
35,3,235.68,3,At Risk
27,2,761.74,3,At Risk
11,17,6745.36,0,High Value
8,15,1083.63,3,At Risk
79,1,48.480000000000004,3,At Risk
52,1,216.39,3,At Risk
36,5,1198.23,3,At Risk
57,11,2422.64,3,At Risk
337,1,104.76,1,Regular
28,4,1093.68,3,At Risk
183,2,270.03000000000003,1,Regular
52,1,112.46000000000001,3,At Risk
10,15,1568.39,3,At Risk
36,2,195.15,3,At Risk
10,27,10360.04,0,High Value
33,5,747.031,3,At Risk
11,1,336.40000000000003,3,At Risk
50,6,1524.4,3,At Risk
4,6,1158.77,3,At Risk
3,16,3224.53,3,At Risk
141,1,301.03,3,At Risk
117,4,588.13,3,At Risk
100,8,1504.56,3,At Risk
75,2,675.8,3,At Risk
5,10,2865.64,3,At Risk
45,3,1180.4,3,At Risk
16,10,3147.31,3,At Risk
17,1,243.55,3,At Risk
90,2,724.76,3,At Risk
53,1,223.36,3,At Risk
301,1,-94.0,1,Regular
134,1,425.32,3,At Risk
4,17,12433.34,0,High Value
105,4,1887.2,3,At Risk
179,6,647.4,1,Regular
166,4,813.0,1,Regular
19,1,612.01,3,At Risk
158,4,425.14000000000004,1,Regular
204,4,599.9,1,Regular
336,2,816.0,1,Regular
37,3,646.3,3,At Risk
91,1,337.74,3,At Risk
93,2,877.4399999999999,3,At Risk
9,2,922.53,3,At Risk
233,2,511.32,1,Regular
45,4,748.5,3,At Risk
23,1,30.0,3,At Risk
190,8,958.9,1,Regular
44,1,306.45,3,At Risk
25,12,1552.01,3,At Risk
317,2,309.8,1,Regular
106,1,138.14,3,At Risk
51,2,358.63,3,At Risk
168,2,2242.01,1,Regular
40,1,301.32,3,At Risk
218,1,76.32000000000001,1,Regular
40,5,677.69,3,At Risk
297,1,173.05,1,Regular
19,10,2635.4900000000002,3,At Risk
88,4,2881.02,3,At Risk
73,8,1744.02,3,At Risk
81,3,323.69,3,At Risk
9,5,3324.09,3,At Risk
49,1,657.23,3,At Risk
53,1,352.7,3,At Risk
24,4,781.28,3,At Risk
9,3,1333.68,3,At Risk
18,6,946.36,3,At Risk
117,1,193.75,3,At Risk
9,11,2981.5,3,At Risk
120,2,254.1,3,At Risk
4,2,239.76,3,At Risk
252,1,136.8,1,Regular
28,1,191.04,3,At Risk
1,15,6423.6,3,At Risk
267,2,409.98,1,Regular
33,12,2644.46,3,At Risk
18,1,309.65,3,At Risk
172,3,664.03,1,Regular
2,4,1542.14,3,At Risk
265,1,211.5,1,Regular
140,4,2293.62,3,At Risk
201,1,143.1,1,Regular
60,7,1001.8100000000001,3,At Risk
35,4,945.58,3,At Risk
41,11,3329.7200000000003,3,At Risk
284,1,133.25,1,Regular
9,5,1072.3600000000001,3,At Risk
143,3,346.75,3,At Risk
12,2,330.88,3,At Risk
146,4,1118.81,3,At Risk
234,1,150.3,1,Regular
33,14,5043.96,3,At Risk
24,1,598.73,3,At Risk
12,1,507.08,3,At Risk
36,6,2181.21,3,At Risk
365,1,203.1,1,Regular
201,3,212.3,1,Regular
15,1,415.25,3,At Risk
17,7,5178.96,3,At Risk
49,1,-134.8,3,At Risk
198,2,62.0,1,Regular
66,4,1108.38,3,At Risk
212,2,294.12,1,Regular
283,1,162.3,1,Regular
115,2,1339.45,3,At Risk
15,12,1121.21,3,At Risk
19,19,4788.77,0,High Value
66,1,449.12,3,At Risk
49,1,154.88,3,At Risk
16,4,784.46,3,At Risk
78,1,34.8,3,At Risk
9,6,1071.24,3,At Risk
134,2,182.96,3,At Risk
13,3,974.04,3,At Risk
40,1,149.31,3,At Risk
235,4,21535.9,1,Regular
3,9,2451.23,3,At Risk
40,8,2628.93,3,At Risk
305,1,79.2,1,Regular
51,4,455.67,3,At Risk
1,8,2318.88,3,At Risk
61,4,532.96,3,At Risk
66,2,714.42,3,At Risk
25,1,205.25,3,At Risk
218,3,253.04,1,Regular
65,2,583.75,3,At Risk
32,3,1048.67,3,At Risk
81,10,3245.47,3,At Risk
64,1,315.06,3,At Risk
116,4,581.8299999999999,3,At Risk
7,29,51823.72,0,High Value
6,1,635.6800000000001,3,At Risk
69,1,270.8,3,At Risk
245,1,104.9,1,Regular
133,1,241.62,3,At Risk
241,5,1021.61,1,Regular
184,3,475.28000000000003,1,Regular
25,4,333.56,3,At Risk
10,4,2593.94,3,At Risk
11,1,246.3,3,At Risk
30,8,2303.75,3,At Risk
44,5,4834.2,3,At Risk
26,3,948.05,3,At Risk
358,1,351.3,1,Regular
10,1,220.85,3,At Risk
44,3,1604.44,3,At Risk
9,4,948.96,3,At Risk
150,1,610.01,1,Regular
1,10,2666.61,3,At Risk
113,4,2207.4,3,At Risk
76,3,884.14,3,At Risk
107,2,699.08,3,At Risk
46,4,1042.19,3,At Risk
143,3,-451.42,3,At Risk
51,1,415.82000000000005,3,At Risk
1,19,3848.55,0,High Value
23,20,5452.17,0,High Value
46,3,784.58,3,At Risk
50,3,903.9,3,At Risk
306,5,3724.77,1,Regular
36,6,399.21,3,At Risk
79,7,1145.43,3,At Risk
17,9,2171.32,3,At Risk
107,5,1801.14,3,At Risk
208,2,1303.9099999999999,1,Regular
3,6,1842.73,3,At Risk
64,5,2100.6,3,At Risk
49,4,1905.45,3,At Risk
320,1,206.98,1,Regular
44,2,570.96,3,At Risk
3,2,885.47,3,At Risk
337,2,-840.76,1,Regular
172,1,532.94,1,Regular
51,4,1649.3600000000001,3,At Risk
73,20,1641.48,0,High Value
99,2,636.14,3,At Risk
29,2,547.7,3,At Risk
58,4,747.76,3,At Risk
254,1,836.79,1,Regular
70,6,2084.9,3,At Risk
44,4,954.09,3,At Risk
45,2,117.47,3,At Risk
65,1,391.98,3,At Risk
11,21,33350.76,0,High Value
25,5,1020.74,3,At Risk
59,3,345.66,3,At Risk
64,6,1209.1,3,At Risk
304,1,118.95000000000002,1,Regular
46,1,130.73999999999998,3,At Risk
18,10,3650.87,3,At Risk
38,2,389.27,3,At Risk
19,2,238.85,3,At Risk
187,2,160.71,1,Regular
52,1,110.8,3,At Risk
4,12,2974.65,3,At Risk
137,5,712.24,3,At Risk
4,31,16173.67,0,High Value
19,1,297.0,3,At Risk
16,5,1438.85,3,At Risk
41,8,977.21,3,At Risk
12,9,3000.36,3,At Risk
8,4,832.88,3,At Risk
26,2,68.84,3,At Risk
22,8,1769.7800000000002,3,At Risk
41,3,895.13,3,At Risk
101,1,230.53,3,At Risk
5,16,3797.79,3,At Risk
277,2,149.64,1,Regular
33,1,354.09000000000003,3,At Risk
15,2,360.93,3,At Risk
63,9,4330.67,3,At Risk
2,3,440.78,3,At Risk
369,2,313.28000000000003,1,Regular
312,8,438.24,1,Regular
199,5,495.36,1,Regular
2,2,396.48,3,At Risk
93,3,379.35,3,At Risk
60,1,181.09,3,At Risk
80,2,141.27,3,At Risk
157,2,446.87,1,Regular
227,1,524.52,1,Regular
253,2,263.55,1,Regular
150,1,179.17,1,Regular
194,2,222.05,1,Regular
1,6,1384.68,3,At Risk
369,1,56.25,1,Regular
24,1,351.11,3,At Risk
17,3,363.88,3,At Risk
10,8,5126.34,3,At Risk
8,1,164.68,3,At Risk
20,8,1521.79,3,At Risk
4,3,967.45,3,At Risk
174,1,191.94,1,Regular
1,8,1232.18,3,At Risk
178,2,264.62,1,Regular
16,10,1491.24,3,At Risk
248,1,123.1,1,Regular
191,2,334.23,1,Regular
20,2,639.89,3,At Risk
154,4,167.5,1,Regular
173,1,336.03000000000003,1,Regular
372,2,363.6,1,Regular
373,1,127.08,1,Regular
194,1,207.15,1,Regular
67,1,426.63,3,At Risk
4,11,2461.85,3,At Risk
21,3,1107.46,3,At Risk
239,2,416.86,1,Regular
64,1,145.35,3,At Risk
112,5,404.58,3,At Risk
90,16,6102.26,3,At Risk
311,2,31.799999999999997,1,Regular
134,1,337.44,3,At Risk
277,1,325.1,1,Regular
365,1,181.0,1,Regular
83,1,1708.24,3,At Risk
8,2,955.24,3,At Risk
17,2,364.72,3,At Risk
2,5,1705.26,3,At Risk
1,3,669.57,3,At Risk
34,4,806.57,3,At Risk
15,10,1634.53,3,At Risk
24,16,4389.81,3,At Risk
32,1,428.89,3,At Risk
74,1,104.35,3,At Risk
20,2,470.76,3,At Risk
17,4,845.64,3,At Risk
23,2,418.83,3,At Risk
3,4,582.9,3,At Risk
304,1,314.1,1,Regular
18,12,4199.85,3,At Risk
236,3,99.77000000000002,1,Regular
39,8,3429.55,3,At Risk
84,1,371.01,3,At Risk
165,2,430.94,1,Regular
17,2,1054.73,3,At Risk
77,1,1098.78,3,At Risk
89,3,2398.86,3,At Risk
25,8,3408.48,3,At Risk
22,4,1475.02,3,At Risk
3,11,2816.97,3,At Risk
123,3,1037.42,3,At Risk
30,1,168.12,3,At Risk
12,7,1451.28,3,At Risk
19,1,158.03,3,At Risk
44,2,792.11,3,At Risk
4,1,41.989999999999995,3,At Risk
9,10,2756.82,3,At Risk
55,1,427.07,3,At Risk
88,7,1044.78,3,At Risk
37,6,3084.17,3,At Risk
3,3,12393.7,3,At Risk
30,5,2735.37,3,At Risk
12,4,615.39,3,At Risk
211,1,101.4,1,Regular
48,4,1701.94,3,At Risk
24,3,478.78,3,At Risk
22,4,992.71,3,At Risk
246,3,407.5,1,Regular
8,16,3362.71,3,At Risk
35,3,1415.29,3,At Risk
4,54,33366.25,0,High Value
36,4,653.13,3,At Risk
4,4,690.54,3,At Risk
3,10,1483.31,3,At Risk
47,1,211.88,3,At Risk
39,2,408.90000000000003,3,At Risk
2,10,3450.2400000000002,3,At Risk
17,3,851.01,3,At Risk
260,1,628.28,1,Regular
46,3,719.81,3,At Risk
12,1,251.24,3,At Risk
30,1,439.65999999999997,3,At Risk
43,1,236.09,3,At Risk
92,7,852.12,3,At Risk
39,76,50992.61,0,High Value
310,1,331.24,1,Regular
92,2,548.94,3,At Risk
6,27,8727.61,0,High Value
196,3,437.7,1,Regular
87,2,758.92,3,At Risk
270,3,855.02,1,Regular
8,4,454.33000000000004,3,At Risk
65,3,1313.55,3,At Risk
31,3,3166.4,3,At Risk
22,7,1147.37,3,At Risk
38,4,773.99,3,At Risk
120,4,1340.7,3,At Risk
86,3,243.69000000000003,3,At Risk
40,3,1111.79,3,At Risk
174,1,137.9,1,Regular
54,1,362.06,3,At Risk
33,2,1511.95,3,At Risk
145,1,783.9,1,Regular
221,1,134.8,1,Regular
45,1,664.85,3,At Risk
4,10,2140.2200000000003,3,At Risk
66,6,1459.8600000000001,3,At Risk
269,1,-29.95,1,Regular
10,4,1153.62,3,At Risk
260,1,335.32,1,Regular
365,1,372.09,1,Regular
17,5,1521.87,3,At Risk
22,2,852.15,3,At Risk
45,1,326.24,3,At Risk
288,1,584.3199999999999,1,Regular
292,2,94.35,1,Regular
3,11,2173.53,3,At Risk
284,1,79.2,1,Regular
17,3,1352.0,3,At Risk
82,3,176.6,3,At Risk
56,5,2806.9,3,At Risk
101,2,1317.62,3,At Risk
299,1,436.18,1,Regular
23,5,981.51,3,At Risk
59,6,1119.31,3,At Risk
155,2,315.06,1,Regular
99,5,779.36,3,At Risk
107,1,17.0,3,At Risk
12,6,1041.83,3,At Risk
264,1,320.62,1,Regular
240,1,185.04999999999998,1,Regular
88,7,2005.63,3,At Risk
50,3,731.9,3,At Risk
9,3,1245.96,3,At Risk
42,3,1842.14,3,At Risk
7,6,1429.64,3,At Risk
62,1,302.36,3,At Risk
249,1,336.96,1,Regular
66,1,108.38,3,At Risk
18,7,3204.1600000000003,3,At Risk
85,2,816.1,3,At Risk
219,2,611.88,1,Regular
45,3,1337.48,3,At Risk
143,4,195.73999999999998,3,At Risk
183,1,161.38,1,Regular
171,1,135.75000000000003,1,Regular
10,8,1667.97,3,At Risk
206,2,592.88,1,Regular
190,1,232.21,1,Regular
8,2,423.36,3,At Risk
59,5,1294.14,3,At Risk
57,2,867.11,3,At Risk
73,4,684.4200000000001,3,At Risk
52,1,307.78,3,At Risk
316,2,187.15,1,Regular
367,1,289.35,1,Regular
29,4,6287.77,3,At Risk
39,1,656.25,3,At Risk
18,5,1880.22,3,At Risk
52,6,3506.54,3,At Risk
4,46,14305.66,0,High Value
22,3,603.69,3,At Risk
263,1,517.55,1,Regular
60,3,709.38,3,At Risk
368,1,-7.95,1,Regular
19,3,635.41,3,At Risk
53,4,703.77,3,At Risk
88,1,620.4,3,At Risk
250,1,535.34,1,Regular
3,7,2419.84,3,At Risk
247,1,175.2,1,Regular
9,18,3741.98,0,High Value
157,3,734.13,1,Regular
134,1,375.0,3,At Risk
296,1,76.32000000000001,1,Regular
5,2,280.52,3,At Risk
39,10,1906.07,3,At Risk
269,1,1829.04,1,Regular
50,5,1824.23,3,At Risk
9,13,3024.62,3,At Risk
16,4,644.24,3,At Risk
282,1,348.2,1,Regular
64,4,1009.4499999999999,3,At Risk
2,26,5352.97,0,High Value
252,1,37.4,1,Regular
225,3,441.59999999999997,1,Regular
17,4,802.53,3,At Risk
11,28,3770.6,0,High Value
8,4,1822.97,3,At Risk
51,7,1880.4199999999998,3,At Risk
59,1,73.2,3,At Risk
95,5,1140.21,3,At Risk
16,7,1406.57,3,At Risk
126,3,1009.5500000000001,3,At Risk
94,4,1037.59,3,At Risk
50,1,331.95,3,At Risk
138,1,197.9,3,At Risk
61,1,215.83,3,At Risk
100,10,10217.48,3,At Risk
73,1,305.54,3,At Risk
72,4,6617.65,3,At Risk
67,1,338.71000000000004,3,At Risk
64,7,1155.54,3,At Risk
17,2,529.41,3,At Risk
23,13,3991.94,3,At Risk
32,17,6841.24,0,High Value
45,4,981.86,3,At Risk
16,2,215.48,3,At Risk
40,1,215.08,3,At Risk
3,25,4913.32,0,High Value
237,1,314.45,1,Regular
75,1,400.68100000000004,3,At Risk
4,2,1080.6200000000001,3,At Risk
3,5,1821.52,3,At Risk
361,1,365.27,1,Regular
59,5,589.15,3,At Risk
23,1,405.71,3,At Risk
31,4,761.38,3,At Risk
55,4,537.0600000000001,3,At Risk
25,1,394.38,3,At Risk
45,2,664.26,3,At Risk
89,5,2262.62,3,At Risk
2,18,21086.3,0,High Value
81,2,542.77,3,At Risk
19,3,681.19,3,At Risk
79,1,159.0,3,At Risk
171,3,1062.75,1,Regular
81,1,242.35,3,At Risk
267,1,914.9300000000001,1,Regular
235,4,259.39000000000004,1,Regular
30,8,3054.87,3,At Risk
37,3,864.86,3,At Risk
318,1,846.72,1,Regular
57,4,1295.3,3,At Risk
45,5,1096.32,3,At Risk
203,3,255.12,1,Regular
219,2,308.32000000000005,1,Regular
87,2,1010.6,3,At Risk
190,2,542.03,1,Regular
33,5,983.23,3,At Risk
71,5,422.13,3,At Risk
41,6,858.41,3,At Risk
78,1,432.2,3,At Risk
57,3,372.9,3,At Risk
8,5,3693.81,3,At Risk
10,13,2607.87,3,At Risk
8,8,3598.26,3,At Risk
34,2,409.1,3,At Risk
212,2,1522.75,1,Regular
24,5,1352.3600000000001,3,At Risk
170,1,114.56,1,Regular
62,1,152.94,3,At Risk
53,5,1800.07,3,At Risk
261,2,389.44,1,Regular
366,1,-295.09,1,Regular
32,3,3665.62,3,At Risk
17,10,2609.3,3,At Risk
258,2,732.63,1,Regular
177,1,46.95,1,Regular
45,5,5203.51,3,At Risk
51,1,1035.45,3,At Risk
17,4,746.83,3,At Risk
361,1,-31.65,1,Regular
9,11,5423.15,3,At Risk
74,7,861.89,3,At Risk
71,2,667.65,3,At Risk
353,1,1141.24,1,Regular
3,6,1423.29,3,At Risk
117,1,411.7,3,At Risk
373,1,357.95,1,Regular
197,1,559.87,1,Regular
177,1,810.6000000000001,1,Regular
23,3,537.83,3,At Risk
21,4,1496.68,3,At Risk
72,1,2062.06,3,At Risk
340,1,168.3,1,Regular
6,7,1531.51,3,At Risk
31,2,823.97,3,At Risk
170,1,142.5,1,Regular
117,2,280.9,3,At Risk
9,12,2236.7400000000002,3,At Risk
10,4,1328.55,3,At Risk
213,4,275.4,1,Regular
23,3,598.2,3,At Risk
108,2,212.82,3,At Risk
26,4,5305.83,3,At Risk
139,1,361.21999999999997,3,At Risk
214,9,602.27,1,Regular
38,4,2560.0,3,At Risk
92,3,686.67,3,At Risk
18,2,616.26,3,At Risk
3,2,274.15000000000003,3,At Risk
331,1,226.37,1,Regular
64,12,2755.56,3,At Risk
120,3,1341.65,3,At Risk
35,1,328.15,3,At Risk
218,1,404.40000000000003,1,Regular
172,2,1038.46,1,Regular
72,7,230.70000000000002,3,At Risk
1,2,326.75,3,At Risk
196,1,207.50000000000003,1,Regular
128,3,428.68,3,At Risk
44,5,510.54,3,At Risk
6,15,3085.96,3,At Risk
14,6,3844.22,3,At Risk
18,4,242.21,3,At Risk
28,8,1583.2,3,At Risk
8,22,26626.8,0,High Value
37,1,151.05,3,At Risk
157,1,214.79999999999998,1,Regular
284,1,109.95,1,Regular
107,1,549.07,3,At Risk
25,6,1959.38,3,At Risk
75,4,322.41,3,At Risk
16,2,370.47999999999996,3,At Risk
158,1,101.10000000000001,1,Regular
44,1,575.41,3,At Risk
11,2,887.65,3,At Risk
32,7,1469.45,3,At Risk
291,1,53.5,1,Regular
21,5,1100.47,3,At Risk
333,1,153.9,1,Regular
18,2,494.44,3,At Risk
4,23,6675.71,0,High Value
63,2,395.8,3,At Risk
198,4,210.32000000000002,1,Regular
33,3,658.88,3,At Risk
1,5,2024.95,3,At Risk
7,12,1460.3700000000001,3,At Risk
5,8,3411.69,3,At Risk
10,4,896.66,3,At Risk
32,9,652.07,3,At Risk
53,1,109.36000000000001,3,At Risk
12,2,707.04,3,At Risk
18,9,1540.42,3,At Risk
19,1,327.3,3,At Risk
37,2,804.49,3,At Risk
2,2,497.43,3,At Risk
18,3,1553.66,3,At Risk
82,4,1320.56,3,At Risk
33,2,367.93,3,At Risk
66,2,473.03000000000003,3,At Risk
9,3,977.52,3,At Risk
267,1,676.2,1,Regular
247,3,362.95,1,Regular
4,5,2131.9,3,At Risk
61,1,1780.59,3,At Risk
75,2,668.36,3,At Risk
90,2,584.5,3,At Risk
60,3,555.89,3,At Risk
29,2,317.2,3,At Risk
323,1,94.36,1,Regular
53,5,1362.27,3,At Risk
270,1,221.19,1,Regular
2,20,2941.05,0,High Value
50,9,1412.06,3,At Risk
61,5,1486.9,3,At Risk
145,4,1631.15,3,At Risk
19,2,408.57,3,At Risk
95,1,303.93,3,At Risk
1,20,4061.24,0,High Value
265,2,299.6,1,Regular
302,2,161.04999999999998,1,Regular
70,1,443.05,3,At Risk
302,2,167.25,1,Regular
19,1,163.07,3,At Risk
13,10,2126.93,3,At Risk
36,5,2028.88,3,At Risk
19,2,214.65,3,At Risk
54,1,151.83,3,At Risk
57,1,262.2,3,At Risk
22,2,126.25,3,At Risk
44,1,210.35,3,At Risk
27,4,1026.99,3,At Risk
45,3,675.27,3,At Risk
113,7,959.48,3,At Risk
17,75,33805.69,0,High Value
25,1,346.12,3,At Risk
191,2,82.56,1,Regular
302,1,302.7,1,Regular
2,10,1908.25,3,At Risk
263,2,241.06,1,Regular
81,1,-2.95,3,At Risk
106,1,284.55,3,At Risk
57,1,300.85,3,At Risk
213,3,642.81,1,Regular
64,1,287.4,3,At Risk
28,1,184.26,3,At Risk
29,7,1522.25,3,At Risk
6,5,798.35,3,At Risk
8,5,3640.67,3,At Risk
67,2,381.2,3,At Risk
2,3,616.79,3,At Risk
46,5,638.77,3,At Risk
34,1,230.51,3,At Risk
1,3,2.8999999999941792,3,At Risk
136,1,259.01,3,At Risk
198,1,188.89000000000001,1,Regular
191,3,674.69,1,Regular
150,1,311.92,1,Regular
88,1,266.97,3,At Risk
45,3,-8.15,3,At Risk
64,7,1841.18,3,At Risk
99,5,2158.37,3,At Risk
218,1,208.36,1,Regular
3,18,3482.7400000000002,3,At Risk
28,3,814.72,3,At Risk
178,1,151.42,1,Regular
64,4,102.0,3,At Risk
21,7,1383.7,3,At Risk
20,3,1314.68,3,At Risk
34,7,1603.46,3,At Risk
74,1,74.9,3,At Risk
24,4,650.43,3,At Risk
52,5,757.44,3,At Risk
275,1,223.95000000000002,1,Regular
165,4,314.86,1,Regular
7,11,1811.47,3,At Risk
88,4,544.3,3,At Risk
64,7,2494.46,3,At Risk
25,3,331.0,3,At Risk
10,2,300.83,3,At Risk
76,1,769.29,3,At Risk
16,1,220.62,3,At Risk
192,1,139.35,1,Regular
174,3,379.4,1,Regular
77,1,363.65,3,At Risk
33,4,492.2,3,At Risk
47,1,731.5,3,At Risk
73,6,1329.66,3,At Risk
297,1,826.53,1,Regular
3,3,684.41,3,At Risk
9,4,1562.22,3,At Risk
50,6,2965.69,3,At Risk
161,3,86.12,1,Regular
360,5,319.1,1,Regular
5,6,400.86,3,At Risk
107,5,1421.43,3,At Risk
25,1,484.38,3,At Risk
32,1,777.6,3,At Risk
20,2,90.30000000000001,3,At Risk
297,1,363.7,1,Regular
372,1,248.1,1,Regular
22,3,950.26,3,At Risk
5,4,874.59,3,At Risk
52,5,1627.13,3,At Risk
30,1,101.69999999999999,3,At Risk
277,1,162.7,1,Regular
61,3,480.92,3,At Risk
25,2,215.07999999999998,3,At Risk
186,4,1036.6200000000001,1,Regular
2,28,9295.67,0,High Value
2,29,11895.57,0,High Value
172,1,290.36,1,Regular
81,1,228.06,3,At Risk
4,1,244.41,3,At Risk
190,1,455.25,1,Regular
22,7,1244.59,3,At Risk
18,3,6748.8,3,At Risk
19,5,1026.94,3,At Risk
5,1,593.75,3,At Risk
107,2,539.02,3,At Risk
3,4,1388.81,3,At Risk
54,1,119.62,3,At Risk
165,1,339.3,1,Regular
291,3,-95.93,1,Regular
10,10,4154.64,3,At Risk
109,9,2266.25,3,At Risk
96,3,922.12,3,At Risk
243,2,379.73,1,Regular
163,14,5664.57,3,At Risk
3,7,641.55,3,At Risk
35,2,285.89,3,At Risk
67,7,3313.79,3,At Risk
24,2,281.85,3,At Risk
1,24,8257.04,0,High Value
21,3,816.51,3,At Risk
6,2,511.12,3,At Risk
54,1,1077.74,3,At Risk
364,1,173.7,1,Regular
15,6,614.01,3,At Risk
194,2,865.6,1,Regular
3,1,124.2,3,At Risk
9,15,3622.95,3,At Risk
3,5,1285.22,3,At Risk
127,4,999.7,3,At Risk
74,4,648.41,3,At Risk
71,1,451.44,3,At Risk
365,1,-30.599999999999998,1,Regular
155,2,70.44,1,Regular
113,1,313.62,3,At Risk
374,1,233.45,1,Regular
80,3,908.03,3,At Risk
249,1,463.95,1,Regular
232,1,225.15,1,Regular
71,3,459.24,3,At Risk
69,1,213.5,3,At Risk
4,19,4073.28,0,High Value
51,3,330.03,3,At Risk
75,1,181.09,3,At Risk
61,1,360.16,3,At Risk
16,2,250.15,3,At Risk
4,1,90.04,3,At Risk
277,2,140.7,1,Regular
4,6,813.52,3,At Risk
41,1,244.79999999999998,3,At Risk
31,2,494.72999999999996,3,At Risk
75,2,482.47,3,At Risk
18,16,3038.67,3,At Risk
15,9,5450.96,3,At Risk
219,1,75.66,1,Regular
186,2,120.99000000000001,1,Regular
33,4,1187.66,3,At Risk
70,1,618.59,3,At Risk
183,1,506.19,1,Regular
15,2,500.42,3,At Risk
236,1,151.85,1,Regular
31,6,2630.64,3,At Risk
254,2,204.41,1,Regular
4,2,178.96,3,At Risk
52,4,813.48,3,At Risk
246,1,129.45,1,Regular
81,2,810.5699999999999,3,At Risk
275,1,333.08,1,Regular
1,20,4379.65,0,High Value
79,1,322.8,3,At Risk
30,6,2183.04,3,At Risk
74,2,417.73,3,At Risk
17,7,2878.15,3,At Risk
223,2,217.9,1,Regular
32,5,1124.59,3,At Risk
23,11,1676.47,3,At Risk
25,4,1169.38,3,At Risk
106,1,231.10000000000002,3,At Risk
5,3,679.83,3,At Risk
246,1,487.51,1,Regular
178,2,833.78,1,Regular
170,2,214.06,1,Regular
39,2,270.85999999999996,3,At Risk
72,1,518.42,3,At Risk
54,11,6654.26,3,At Risk
16,3,1166.92,3,At Risk
141,5,594.97,3,At Risk
18,6,3794.52,3,At Risk
22,21,8568.24,0,High Value
10,4,933.62,3,At Risk
368,1,123.24,1,Regular
189,1,39.12,1,Regular
16,5,810.4499999999999,3,At Risk
362,1,135.39999999999998,1,Regular
19,1,118.98,3,At Risk
68,2,570.13,3,At Risk
15,6,306.71999999999997,3,At Risk
24,4,1370.8700000000001,3,At Risk
17,17,4022.46,3,At Risk
28,3,1692.27,3,At Risk
2,23,8093.59,0,High Value
55,2,319.61,3,At Risk
34,5,1558.72,3,At Risk
3,17,3013.83,3,At Risk
366,1,129.75,1,Regular
43,1,183.7,3,At Risk
73,6,1770.34,3,At Risk
5,5,1028.0,3,At Risk
4,31,65892.08,0,High Value
61,2,324.24,3,At Risk
47,9,3043.48,3,At Risk
1,4,1260.86,3,At Risk
76,3,303.26,3,At Risk
44,3,208.63,3,At Risk
256,2,1276.0,1,Regular
69,2,482.01,3,At Risk
135,4,657.9000000000001,3,At Risk
241,1,112.75,1,Regular
227,2,1998.0,1,Regular
9,17,5040.0,3,At Risk
9,18,5150.2699999999995,0,High Value
1,29,13946.130000000001,0,High Value
37,3,531.35,3,At Risk
46,1,656.63,3,At Risk
85,5,3029.87,3,At Risk
19,10,2483.04,3,At Risk
3,5,1651.03,3,At Risk
9,11,3645.43,3,At Risk
19,21,6840.2300000000005,0,High Value
219,4,911.53,1,Regular
78,1,301.71999999999997,3,At Risk
267,3,319.8000000000001,1,Regular
9,9,3278.36,3,At Risk
369,1,623.75,1,Regular
15,8,1773.92,3,At Risk
26,1,155.24,3,At Risk
262,1,292.47,1,Regular
17,16,4711.21,3,At Risk
91,2,589.15,3,At Risk
302,8,775.07,1,Regular
26,5,1382.02,3,At Risk
364,1,272.82,1,Regular
46,4,1054.67,3,At Risk
36,26,7076.28,0,High Value
52,4,702.79,3,At Risk
32,1,603.75,3,At Risk
52,3,650.51,3,At Risk
79,7,2269.21,3,At Risk
53,1,417.59999999999997,3,At Risk
298,1,3.75,1,Regular
172,2,312.55,1,Regular
47,2,0.0,3,At Risk
29,8,2191.84,3,At Risk
11,7,1304.76,3,At Risk
87,18,7170.7,0,High Value
5,19,6694.31,0,High Value
25,4,826.96,3,At Risk
18,5,1515.9,3,At Risk
45,5,623.93,3,At Risk
31,1,1764.72,3,At Risk
373,1,207.5,1,Regular
58,1,223.92000000000002,3,At Risk
372,1,2002.4,1,Regular
114,5,1484.63,3,At Risk
215,1,239.4,1,Regular
319,1,106.83000000000001,1,Regular
65,1,369.34000000000003,3,At Risk
8,4,772.84,3,At Risk
97,1,316.62,3,At Risk
20,3,1501.38,3,At Risk
185,2,594.9,1,Regular
4,18,2758.25,3,At Risk
294,1,34.0,1,Regular
273,2,1145.6,1,Regular
31,11,5580.6,3,At Risk
48,5,458.04,3,At Risk
260,1,380.39,1,Regular
58,6,744.9,3,At Risk
33,5,2246.81,3,At Risk
57,1,171.59,3,At Risk
68,5,654.92,3,At Risk
10,11,1695.66,3,At Risk
60,1,388.28,3,At Risk
80,2,226.35,3,At Risk
74,2,245.94,3,At Risk
2,28,10454.05,0,High Value
100,2,425.19,3,At Risk
365,2,294.65,1,Regular
10,19,2242.25,0,High Value
20,1,107.6,3,At Risk
123,2,597.48,3,At Risk
8,1,80.8,3,At Risk
4,8,1520.1200000000001,3,At Risk
29,8,1706.28,3,At Risk
282,2,110.38000000000001,1,Regular
57,1,243.84,3,At Risk
1,12,1201.51,3,At Risk
365,1,414.88,1,Regular
89,1,305.62,3,At Risk
11,1,1201.49,3,At Risk
163,5,867.83,1,Regular
65,1,332.3,3,At Risk
23,3,536.99,3,At Risk
174,2,460.59,1,Regular
103,4,801.49,3,At Risk
143,3,1121.59,3,At Risk
99,2,288.42,3,At Risk
23,6,912.74,3,At Risk
192,2,275.64,1,Regular
5,2,547.07,3,At Risk
361,1,479.35,1,Regular
8,10,1692.98,3,At Risk
14,22,6500.6,0,High Value
103,4,417.06,3,At Risk
3,13,1446.95,3,At Risk
11,13,3317.97,3,At Risk
96,1,497.61,3,At Risk
227,1,358.38,1,Regular
16,2,460.64,3,At Risk
39,2,775.1800000000001,3,At Risk
51,1,341.7,3,At Risk
93,2,128.5,3,At Risk
157,1,197.22,1,Regular
39,1,325.91,3,At Risk
184,3,199.15,1,Regular
1,4,1106.53,3,At Risk
228,1,413.46,1,Regular
128,2,180.85,3,At Risk
40,2,251.87,3,At Risk
31,12,3167.73,3,At Risk
197,3,582.9,1,Regular
9,39,15357.78,0,High Value
37,7,1774.62,3,At Risk
64,4,1260.44,3,At Risk
43,17,10183.82,0,High Value
50,1,214.32,3,At Risk
43,1,193.44,3,At Risk
53,1,281.42,3,At Risk
187,1,124.57,1,Regular
334,1,332.41,1,Regular
4,3,342.45,3,At Risk
10,2,144.91000000000003,3,At Risk
24,2,328.4,3,At Risk
15,1,35.400000000000006,3,At Risk
366,2,345.89000000000004,1,Regular
106,5,473.14,3,At Risk
60,3,151.65,3,At Risk
29,4,481.35,3,At Risk
141,3,207.73999999999998,3,At Risk
23,5,805.62,3,At Risk
22,7,2761.4900000000002,3,At Risk
77,3,680.02,3,At Risk
5,10,7066.31,3,At Risk
64,9,2023.47,3,At Risk
12,6,853.72,3,At Risk
25,2,0.0,3,At Risk
31,7,1519.08,3,At Risk
67,1,432.0,3,At Risk
67,3,705.12,3,At Risk
187,2,276.73,1,Regular
38,2,429.84000000000003,3,At Risk
15,3,471.51,3,At Risk
35,1,194.88,3,At Risk
195,3,1578.67,1,Regular
2,5,809.7,3,At Risk
1,7,496.84000000000003,3,At Risk
367,1,145.93,1,Regular
65,1,219.14,3,At Risk
299,3,213.03,1,Regular
26,4,444.46,3,At Risk
8,6,1281.56,3,At Risk
12,5,187.6900000000001,3,At Risk
116,1,1706.88,3,At Risk
29,1,373.24,3,At Risk
4,16,3754.27,3,At Risk
5,8,3085.48,3,At Risk
82,4,579.77,3,At Risk
29,5,981.65,3,At Risk
64,2,364.14,3,At Risk
4,8,1510.06,3,At Risk
23,14,2528.67,3,At Risk
290,1,113.44,1,Regular
36,1,208.46,3,At Risk
9,6,621.6800000000001,3,At Risk
24,2,576.26,3,At Risk
277,1,391.52,1,Regular
50,7,1043.34,3,At Risk
156,11,2596.45,3,At Risk
61,1,169.79,3,At Risk
12,26,6666.83,0,High Value
21,4,739.5,3,At Risk
371,1,230.25,1,Regular
116,3,543.05,3,At Risk
80,19,2781.5,3,At Risk
4,7,1295.39,3,At Risk
26,3,380.55,3,At Risk
5,21,4604.22,0,High Value
53,1,161.94,3,At Risk
1,5,530.08,3,At Risk
55,2,950.9300000000001,3,At Risk
26,1,262.68,3,At Risk
9,5,1903.13,3,At Risk
52,3,3049.88,3,At Risk
13,10,1894.11,3,At Risk
212,3,816.73,1,Regular
22,19,4345.5,0,High Value
236,1,406.48,1,Regular
139,3,435.02,3,At Risk
4,7,1161.27,3,At Risk
57,3,1178.56,3,At Risk
123,4,1262.75,3,At Risk
109,2,167.61,3,At Risk
30,1,20.8,3,At Risk
1,9,2085.08,3,At Risk
185,5,493.67,1,Regular
9,2,292.34,3,At Risk
239,2,416.64,1,Regular
87,1,117.35000000000001,3,At Risk
39,3,507.05,3,At Risk
116,1,234.17,3,At Risk
187,1,110.55000000000001,1,Regular
227,1,201.19,1,Regular
8,10,2148.47,3,At Risk
189,1,319.02,1,Regular
4,2,439.43,3,At Risk
39,3,650.41,3,At Risk
3,2,232.20999999999998,3,At Risk
267,1,251.51999999999998,1,Regular
78,1,344.33,3,At Risk
4,8,1809.05,3,At Risk
255,2,1078.96,1,Regular
61,1,384.06,3,At Risk
13,8,1920.2,3,At Risk
78,5,4392.42,3,At Risk
17,11,5461.62,3,At Risk
30,2,1873.2,3,At Risk
3,7,1625.05,3,At Risk
5,1,126.12,3,At Risk
7,6,1133.25,3,At Risk
219,1,179.0,1,Regular
11,6,1601.8600000000001,3,At Risk
372,1,-1.25,1,Regular
30,9,1427.46,3,At Risk
288,3,702.0,1,Regular
150,6,287.02000000000004,1,Regular
23,2,484.82,3,At Risk
1,11,3989.57,3,At Risk
73,4,1487.78,3,At Risk
46,2,1412.94,3,At Risk
5,4,781.78,3,At Risk
51,7,877.4300000000001,3,At Risk
17,2,185.46,3,At Risk
30,1,270.9,3,At Risk
8,4,565.58,3,At Risk
29,3,1842.56,3,At Risk
3,27,8574.11,0,High Value
41,2,920.1,3,At Risk
11,4,1272.61,3,At Risk
31,1,71.0,3,At Risk
45,3,95.85,3,At Risk
61,3,357.77,3,At Risk
185,2,154.82999999999998,1,Regular
79,7,848.59,3,At Risk
111,2,716.0,3,At Risk
64,1,146.87,3,At Risk
12,2,380.35,3,At Risk
86,3,1030.14,3,At Risk
16,4,734.5699999999999,3,At Risk
246,3,388.33,1,Regular
78,2,1253.22,3,At Risk
30,1,112.4,3,At Risk
138,1,449.73,3,At Risk
27,4,1065.77,3,At Risk
3,5,1044.3799999999999,3,At Risk
32,4,1735.18,3,At Risk
9,3,897.4300000000001,3,At Risk
113,3,339.44,3,At Risk
157,1,642.02,1,Regular
85,3,1100.9,3,At Risk
115,6,864.32,3,At Risk
3,11,5594.78,3,At Risk
96,6,3228.84,3,At Risk
194,1,247.14000000000001,1,Regular
28,1,413.75,3,At Risk
129,2,496.38,3,At Risk
28,6,1353.83,3,At Risk
82,3,1179.89,3,At Risk
30,5,3095.04,3,At Risk
266,1,234.24,1,Regular
74,12,5116.13,3,At Risk
314,5,534.47,1,Regular
9,11,1421.59,3,At Risk
59,3,859.35,3,At Risk
143,1,-112.35,1,Regular
12,22,4531.34,0,High Value
28,13,2655.2200000000003,3,At Risk
114,1,312.14,3,At Risk
9,14,2385.48,3,At Risk
18,4,1446.09,3,At Risk
18,5,813.77,3,At Risk
36,3,841.0799999999999,3,At Risk
36,2,378.2,3,At Risk
78,1,118.80000000000001,3,At Risk
22,3,285.5,3,At Risk
25,2,290.16,3,At Risk
33,2,2003.85,3,At Risk
109,3,1405.78,3,At Risk
35,2,2949.75,3,At Risk
123,6,1555.05,3,At Risk
7,6,2050.08,3,At Risk
28,4,1991.01,3,At Risk
4,8,2041.8500000000001,3,At Risk
3,10,3802.81,3,At Risk
50,4,1777.78,3,At Risk
318,2,270.20000000000005,1,Regular
22,6,1088.2,3,At Risk
9,7,992.6800000000001,3,At Risk
2,9,937.92,3,At Risk
18,2,971.74,3,At Risk
10,4,1621.73,3,At Risk
262,1,25.5,1,Regular
159,2,665.78,1,Regular
33,7,10380.43,3,At Risk
29,8,869.6800000000001,3,At Risk
165,1,163.29999999999998,1,Regular
47,1,248.61,3,At Risk
6,10,747.22,3,At Risk
8,5,806.9000000000001,3,At Risk
288,1,116.19999999999999,1,Regular
318,1,157.02,1,Regular
3,3,593.61,3,At Risk
233,1,307.46,1,Regular
119,1,138.32,3,At Risk
162,1,345.29999999999995,1,Regular
185,1,298.89,1,Regular
50,1,259.35,3,At Risk
152,7,991.85,1,Regular
335,1,157.09,1,Regular
5,5,2463.17,3,At Risk
16,7,4892.240000000001,3,At Risk
107,2,425.0,3,At Risk
16,7,1139.73,3,At Risk
276,1,380.5,1,Regular
16,15,10585.57,0,High Value
247,1,465.32,1,Regular
239,1,579.0,1,Regular
1,2,984.57,3,At Risk
106,3,749.78,3,At Risk
23,6,1679.64,3,At Risk
52,1,124.88,3,At Risk
195,4,1503.5,1,Regular
24,1,213.78,3,At Risk
75,1,329.34,3,At Risk
18,2,251.70000000000002,3,At Risk
8,3,306.55,3,At Risk
32,3,1266.97,3,At Risk
22,4,1534.73,3,At Risk
31,6,3518.03,3,At Risk
29,11,1707.21,3,At Risk
22,2,293.1,3,At Risk
33,8,2466.4,3,At Risk
284,1,158.68,1,Regular
39,3,189.49,3,At Risk
50,4,816.88,3,At Risk
289,1,224.91,1,Regular
75,2,313.26,3,At Risk
5,9,3755.65,3,At Risk
218,1,59.9,1,Regular
44,5,1430.94,3,At Risk
202,1,306.13,1,Regular
178,3,711.79,1,Regular
56,6,780.38,3,At Risk
57,2,239.92000000000002,3,At Risk
8,8,3286.9100000000003,3,At Risk
47,2,144.0,3,At Risk
227,1,203.95,1,Regular
11,9,2275.58,3,At Risk
106,2,384.40000000000003,3,At Risk
59,3,249.74,3,At Risk
28,7,2095.13,3,At Risk
36,9,1674.46,3,At Risk
274,2,262.62,1,Regular
30,1,1013.01,3,At Risk
24,3,692.22,3,At Risk
54,1,342.63,3,At Risk
36,6,3563.85,3,At Risk
169,9,1352.91,1,Regular
54,1,384.08,3,At Risk
53,1,204.24,3,At Risk
27,9,2299.67,3,At Risk
253,1,226.85,1,Regular
40,11,2741.08,3,At Risk
60,7,984.12,3,At Risk
234,1,113.5,1,Regular
4,10,1960.72,3,At Risk
32,1,114.23,3,At Risk
24,14,3198.25,3,At Risk
7,2,335.13,3,At Risk
65,1,354.15,3,At Risk
310,2,426.79,1,Regular
309,1,393.49,1,Regular
19,6,939.32,3,At Risk
16,8,1906.09,3,At Risk
96,2,318.76,3,At Risk
264,11,3466.67,1,Regular
12,14,3127.82,3,At Risk
3,2,421.52,3,At Risk
35,1,190.88,3,At Risk
183,1,149.89000000000001,1,Regular
25,2,550.06,3,At Risk
13,6,916.13,3,At Risk
11,2,314.69,3,At Risk
3,17,3744.65,3,At Risk
313,2,379.95,1,Regular
108,2,1135.04,3,At Risk
1,30,8628.55,0,High Value
53,1,954.9,3,At Risk
205,1,171.45,1,Regular
15,1,282.19,3,At Risk
120,1,318.65,3,At Risk
4,2,384.52,3,At Risk
363,1,283.28000000000003,1,Regular
117,2,353.86,3,At Risk
18,1,178.26,3,At Risk
5,2,272.44,3,At Risk
41,2,298.41,3,At Risk
107,2,240.0,3,At Risk
148,2,603.37,1,Regular
52,5,1253.3600000000001,3,At Risk
208,1,63.440000000000005,1,Regular
139,2,562.9,3,At Risk
2,3,310.64,3,At Risk
127,2,317.62,3,At Risk
108,4,763.64,3,At Risk
42,5,2144.53,3,At Risk
35,1,111.97999999999999,3,At Risk
228,2,1065.3500000000001,1,Regular
241,1,246.04,1,Regular
58,1,187.82999999999998,3,At Risk
130,3,1703.41,3,At Risk
60,7,1641.68,3,At Risk
22,1,153.92,3,At Risk
26,7,1064.11,3,At Risk
9,7,1419.73,3,At Risk
32,4,936.16,3,At Risk
4,2,525.24,3,At Risk
308,1,550.8000000000001,1,Regular
8,9,1875.1100000000001,3,At Risk
29,3,556.95,3,At Risk
17,1,131.78,3,At Risk
101,2,498.42,3,At Risk
12,4,669.11,3,At Risk
21,1,197.63,3,At Risk
15,6,1119.93,3,At Risk
361,1,250.04,1,Regular
11,21,8600.73,0,High Value
365,1,-152.64000000000001,1,Regular
95,1,82.75,3,At Risk
78,2,1384.85,3,At Risk
139,3,644.3,3,At Risk
18,2,2288.13,3,At Risk
25,11,2514.76,3,At Risk
1,43,6204.46,0,High Value
46,5,2524.02,3,At Risk
100,3,1200.6200000000001,3,At Risk
8,2,700.86,3,At Risk
15,9,908.99,3,At Risk
18,4,990.23,3,At Risk
280,1,96.8,1,Regular
14,2,523.11,3,At Risk
23,2,363.9,3,At Risk
124,1,175.2,3,At Risk
86,1,494.25,3,At Risk
301,3,306.6,1,Regular
151,7,1944.32,3,At Risk
17,10,6612.18,3,At Risk
94,2,243.36,3,At Risk
9,16,11891.18,0,High Value
157,3,781.36,1,Regular
355,1,193.64,1,Regular
46,1,160.57,3,At Risk
15,4,537.74,3,At Risk
4,16,2611.58,3,At Risk
86,1,228.96,3,At Risk
15,5,1159.52,3,At Risk
179,1,110.75,1,Regular
8,5,1256.19,3,At Risk
36,3,587.15,3,At Risk
129,2,1740.0,3,At Risk
51,1,1393.06,3,At Risk
312,1,178.22,1,Regular
24,2,388.14,3,At Risk
303,2,365.85,1,Regular
11,1,127.86,3,At Risk
17,3,585.79,3,At Risk
49,3,488.2,3,At Risk
239,2,312.23,1,Regular
1,12,4455.73,3,At Risk
13,8,4801.56,3,At Risk
238,1,168.4,1,Regular
23,9,1349.52,3,At Risk
73,4,446.18,3,At Risk
17,3,423.89,3,At Risk
41,8,1342.68,3,At Risk
40,4,646.92,3,At Risk
219,2,495.77,1,Regular
190,4,372.5,1,Regular
71,2,203.2,3,At Risk
24,21,3925.92,0,High Value
11,1,404.66,3,At Risk
9,30,20272.43,0,High Value
65,1,65.4,3,At Risk
4,1,199.29,3,At Risk
19,2,336.4,3,At Risk
15,1,261.11,3,At Risk
8,6,2686.42,3,At Risk
20,2,784.11,3,At Risk
78,4,1259.56,3,At Risk
1,43,31300.079999999998,0,High Value
164,2,508.8,1,Regular
307,2,457.91,1,Regular
219,1,203.86999999999998,1,Regular
39,8,7330.8,3,At Risk
22,2,696.41,3,At Risk
115,3,653.38,3,At Risk
126,5,2129.96,3,At Risk
5,13,2633.85,3,At Risk
36,1,281.62,3,At Risk
4,18,30300.82,0,High Value
1,5,967.22,3,At Risk
330,5,1928.72,1,Regular
163,1,32.65,1,Regular
185,2,771.85,1,Regular
16,5,1214.72,3,At Risk
12,4,748.94,3,At Risk
3,7,1258.06,3,At Risk
44,2,778.0,3,At Risk
80,1,507.84,3,At Risk
30,9,6838.34,3,At Risk
42,2,463.46000000000004,3,At Risk
11,14,4200.97,3,At Risk
50,3,598.83,3,At Risk
16,10,1853.1299999999999,3,At Risk
45,4,663.63,3,At Risk
19,2,759.17,3,At Risk
4,7,5022.26,3,At Risk
72,1,100.8,3,At Risk
1,33,17078.45,0,High Value
121,4,512.12,3,At Risk
33,2,265.76,3,At Risk
313,1,403.3,1,Regular
18,2,365.76,3,At Risk
88,1,303.15999999999997,3,At Risk
2,9,2333.42,3,At Risk
2,2,216.29999999999998,3,At Risk
247,2,378.3,1,Regular
148,5,177.1,3,At Risk
29,10,2210.2599999999998,3,At Risk
220,1,534.24,1,Regular
148,3,2940.04,1,Regular
177,2,120.9,1,Regular
40,2,541.53,3,At Risk
145,1,-4287.63,1,Regular
2,8,2504.86,3,At Risk
8,55,187482.17,2,Occasional
1,10,1648.95,3,At Risk
18,2,486.71999999999997,3,At Risk
192,4,517.53,1,Regular
204,1,131.7,1,Regular
365,1,249.86,1,Regular
127,5,1737.7,3,At Risk
15,1,316.5,3,At Risk
43,2,657.3,3,At Risk
79,8,452.63,3,At Risk
23,3,757.46,3,At Risk
51,3,662.94,3,At Risk
16,6,1881.36,3,At Risk
158,1,289.96000000000004,1,Regular
10,2,763.28,3,At Risk
10,2,137.0,3,At Risk
16,6,1843.06,3,At Risk
45,5,1125.07,3,At Risk
191,3,710.29,1,Regular
79,1,194.37,3,At Risk
74,2,506.51,3,At Risk
4,5,1249.34,3,At Risk
65,3,414.04,3,At Risk
261,1,396.87,1,Regular
59,2,376.64,3,At Risk
1,11,1926.8799999999999,3,At Risk
1,11,3541.92,3,At Risk
248,1,374.57,1,Regular
8,2,497.56,3,At Risk
359,1,271.05,1,Regular
76,1,272.22,3,At Risk
290,1,622.88,1,Regular
17,3,1138.0,3,At Risk
221,2,288.6,1,Regular
9,4,689.1,3,At Risk
3,2,558.96,3,At Risk
206,10,2745.2799999999997,1,Regular
162,2,1145.84,1,Regular
70,2,294.29,3,At Risk
262,2,605.58,1,Regular
281,1,387.31,1,Regular
58,11,6100.74,3,At Risk
25,1,308.48,3,At Risk
3,46,88125.38,2,Occasional
29,11,2920.04,3,At Risk
72,1,513.2,3,At Risk
128,1,208.65,3,At Risk
31,4,639.02,3,At Risk
15,5,768.08,3,At Risk
309,1,153.94,1,Regular
17,7,1839.07,3,At Risk
54,1,546.81,3,At Risk
24,4,721.9599999999999,3,At Risk
2,5,1070.71,3,At Risk
11,4,652.74,3,At Risk
361,1,145.0,1,Regular
360,1,422.70000000000005,1,Regular
1,8,706.7,3,At Risk
54,6,888.86,3,At Risk
1,11,3540.1,3,At Risk
1,10,2385.0,3,At Risk
121,2,293.45,3,At Risk
54,1,223.36,3,At Risk
280,1,164.4,1,Regular
177,1,76.5,1,Regular
30,2,897.62,3,At Risk
26,1,98.42,3,At Risk
9,3,570.4,3,At Risk
270,1,170.75,1,Regular
43,3,645.96,3,At Risk
372,1,-11.8,1,Regular
218,3,-141.48,1,Regular
24,2,148.86,3,At Risk
197,3,267.16,1,Regular
359,1,306.84,1,Regular
43,6,909.96,3,At Risk
130,1,1487.6,3,At Risk
1,5,1952.45,3,At Risk
20,2,483.26,3,At Risk
206,1,157.9,1,Regular
14,3,541.46,3,At Risk
95,5,854.95,3,At Risk
19,1,167.62,3,At Risk
14,8,1107.38,3,At Risk
24,3,454.01,3,At Risk
8,2,901.21,3,At Risk
7,10,4012.56,3,At Risk
332,1,344.14,1,Regular
50,4,1498.51,3,At Risk
71,4,226.75000000000003,3,At Risk
29,4,362.9,3,At Risk
243,1,185.65,1,Regular
8,22,3457.78,0,High Value
191,2,124.74,1,Regular
5,4,440.2,3,At Risk
253,3,215.72,1,Regular
1,31,10736.11,0,High Value
236,1,175.27,1,Regular
7,3,1227.3,3,At Risk
109,4,1133.07,3,At Risk
100,3,1240.2,3,At Risk
60,4,2404.17,3,At Risk
2,3,1479.22,3,At Risk
73,8,2215.02,3,At Risk
4,6,3911.56,3,At Risk
85,2,993.18,3,At Risk
12,2,388.79,3,At Risk
23,7,2827.93,3,At Risk
214,1,2044.3700000000001,1,Regular
18,1,161.67000000000002,3,At Risk
239,1,116.00999999999999,1,Regular
2,8,5050.77,3,At Risk
50,5,-1165.3,3,At Risk
217,2,309.36,1,Regular
33,2,193.42,3,At Risk
41,6,1103.92,3,At Risk
4,19,3947.87,0,High Value
53,10,1992.76,3,At Risk
23,17,4509.37,3,At Risk
57,1,390.07,3,At Risk
130,3,329.6,3,At Risk
174,3,571.1999999999999,1,Regular
6,3,971.58,3,At Risk
312,1,218.52,1,Regular
60,1,81.44,3,At Risk
21,4,1336.1,3,At Risk
33,1,527.0500000000001,3,At Risk
15,2,843.48,3,At Risk
18,4,2047.0,3,At Risk
81,1,75.75,3,At Risk
6,9,1784.12,3,At Risk
170,2,503.59999999999997,1,Regular
2,3,528.33,3,At Risk
31,6,1242.34,3,At Risk
36,9,2361.9700000000003,3,At Risk
9,2,265.93,3,At Risk
31,2,547.0600000000001,3,At Risk
276,1,108.5,1,Regular
87,1,621.66,3,At Risk
120,2,712.29,3,At Risk
373,1,101.55,1,Regular
1,17,2768.98,3,At Risk
219,4,995.6600000000001,1,Regular
65,1,133.06,3,At Risk
61,5,1789.55,3,At Risk
135,2,861.74,3,At Risk
21,1,166.08,3,At Risk
12,14,3886.67,3,At Risk
25,18,4737.13,0,High Value
29,5,1175.88,3,At Risk
277,1,117.55,1,Regular
11,8,2571.7400000000002,3,At Risk
73,5,1674.69,3,At Risk
11,3,485.88,3,At Risk
4,14,2954.75,3,At Risk
141,1,196.0,3,At Risk
26,9,1788.27,3,At Risk
19,2,604.64,3,At Risk
4,2,728.16,3,At Risk
66,5,2055.51,3,At Risk
1,2,347.75,3,At Risk
43,7,3406.7200000000003,3,At Risk
228,1,205.7,1,Regular
16,6,1284.08,3,At Risk
44,4,3106.62,3,At Risk
1,7,1622.22,3,At Risk
74,2,551.04,3,At Risk
1,41,20098.1,0,High Value
4,7,1383.27,3,At Risk
2,43,16219.22,0,High Value
264,1,298.11,1,Regular
53,2,1992.1100000000001,3,At Risk
24,1,184.4,3,At Risk
10,7,2459.33,3,At Risk
44,1,239.41,3,At Risk
17,7,3191.53,3,At Risk
7,7,5739.46,3,At Risk
30,16,4748.45,3,At Risk
358,2,290.40000000000003,1,Regular
127,5,733.4399999999999,3,At Risk
136,3,187.02,3,At Risk
142,1,283.12,3,At Risk
132,2,765.34,3,At Risk
38,14,2201.05,3,At Risk
236,1,338.95,1,Regular
261,1,154.95,1,Regular
17,6,2508.89,3,At Risk
253,1,417.95,1,Regular
30,6,1719.72,3,At Risk
35,3,798.74,3,At Risk
169,2,885.19,1,Regular
3,10,1781.12,3,At Risk
4,22,10097.37,0,High Value
185,2,152.4,1,Regular
188,2,267.08,1,Regular
170,1,137.45,1,Regular
11,2,385.1,3,At Risk
45,1,522.91,3,At Risk
321,1,153.0,1,Regular
201,1,326.4,1,Regular
23,12,5505.79,3,At Risk
232,1,139.35,1,Regular
38,18,5367.8,0,High Value
26,4,1195.94,3,At Risk
96,6,2380.64,3,At Risk
127,6,3276.4000000000005,3,At Risk
58,4,995.6500000000001,3,At Risk
16,14,3371.13,3,At Risk
9,2,1042.55,3,At Risk
4,5,2515.68,3,At Risk
3,15,5288.83,3,At Risk
79,5,878.2,3,At Risk
373,1,303.97,1,Regular
39,2,692.19,3,At Risk
54,3,700.63,3,At Risk
2,19,13110.02,0,High Value
9,4,337.49,3,At Risk
9,2,168.24,3,At Risk
19,5,1863.35,3,At Risk
12,8,2786.05,3,At Risk
113,2,355.11,3,At Risk
4,7,2291.08,3,At Risk
235,2,98.8,1,Regular
100,2,64.65,3,At Risk
178,2,674.52,1,Regular
5,9,1797.57,3,At Risk
359,1,80.64,1,Regular
1,6,1739.92,3,At Risk
1,31,5585.49,0,High Value
19,8,3456.7000000000003,3,At Risk
17,3,834.99,3,At Risk
22,2,287.59,3,At Risk
33,1,712.78,3,At Risk
263,1,15.0,1,Regular
51,2,818.8199999999999,3,At Risk
159,3,371.88,1,Regular
15,1,271.2,3,At Risk
8,3,2273.1800000000003,3,At Risk
13,12,3960.63,3,At Risk
199,5,1143.27,1,Regular
57,2,245.81,3,At Risk
11,2,182.77,3,At Risk
97,5,1215.46,3,At Risk
255,1,56.4,1,Regular
25,3,665.86,3,At Risk
21,5,642.17,3,At Risk
159,2,188.02,1,Regular
72,2,283.47,3,At Risk
53,1,131.94,3,At Risk
85,2,278.74,3,At Risk
153,4,1865.19,1,Regular
74,2,1117.9,3,At Risk
281,1,225.9,1,Regular
27,14,1965.55,3,At Risk
30,1,106.1,3,At Risk
25,1,323.04,3,At Risk
180,2,350.39,1,Regular
40,4,697.9,3,At Risk
22,3,780.43,3,At Risk
22,11,3026.08,3,At Risk
37,9,1199.01,3,At Risk
82,4,1251.84,3,At Risk
74,1,512.31,3,At Risk
11,1,546.04,3,At Risk
16,15,4627.62,3,At Risk
4,51,7677.71,0,High Value
13,4,732.16,3,At Risk
14,7,1714.6,3,At Risk
37,4,36.56,3,At Risk
4,3,387.68,3,At Risk
72,8,3661.0699999999997,3,At Risk
191,2,-24.05,1,Regular
51,1,298.4,3,At Risk
5,5,1995.46,3,At Risk
9,9,1599.97,3,At Risk
299,1,889.24,1,Regular
2,3,398.7,3,At Risk
33,1,35.400000000000006,3,At Risk
50,1,155.37,3,At Risk
3,3,350.64,3,At Risk
47,1,110.21000000000001,3,At Risk
42,10,1560.53,3,At Risk
27,6,2312.7,3,At Risk
42,1,338.8,3,At Risk
2,169,40340.78,2,Occasional
303,1,205.48,1,Regular
107,1,51.559999999999995,3,At Risk
85,1,2033.1,3,At Risk
81,9,901.1999999999999,3,At Risk
218,4,605.8000000000001,1,Regular
302,35,5288.63,0,High Value
12,2,114.34,3,At Risk
185,2,311.26,1,Regular
373,1,208.97,1,Regular
2,6,1393.79,3,At Risk
3,25,26763.34,0,High Value
6,12,5155.66,3,At Risk
305,1,148.21,1,Regular
369,1,252.8,1,Regular
3,9,2059.2,3,At Risk
324,1,330.9,1,Regular
59,6,3160.0,3,At Risk
13,3,597.5,3,At Risk
31,27,10158.54,0,High Value
143,2,325.7,3,At Risk
30,8,622.75,3,At Risk
107,5,428.18,3,At Risk
2,13,1889.4,3,At Risk
205,1,155.9,1,Regular
80,6,1764.3600000000001,3,At Risk
185,7,658.26,1,Regular
170,1,237.61,1,Regular
44,1,379.45,3,At Risk
174,1,178.51999999999998,1,Regular
365,1,458.92,1,Regular
304,1,133.35000000000002,1,Regular
3,4,671.77,3,At Risk
4,4,717.45,3,At Risk
12,1,190.19,3,At Risk
32,3,899.61,3,At Risk
129,1,111.35,3,At Risk
19,10,525.78,3,At Risk
212,2,203.87,1,Regular
323,2,602.09,1,Regular
162,1,203.85999999999999,1,Regular
56,3,244.1,3,At Risk
225,1,112.25,1,Regular
72,8,1119.81,3,At Risk
44,1,98.0,3,At Risk
23,1,256.32,3,At Risk
173,4,541.1,1,Regular
85,2,152.06,3,At Risk
159,1,155.8,1,Regular
165,4,15.0,1,Regular
29,1,110.38,3,At Risk
21,2,178.92,3,At Risk
71,4,800.24,3,At Risk
247,1,72.9,1,Regular
374,1,243.28,1,Regular
9,1,366.23,3,At Risk
310,6,295.61,1,Regular
59,2,411.6,3,At Risk
4,1,336.43,3,At Risk
45,3,341.28,3,At Risk
88,1,1304.04,3,At Risk
4,17,4204.1,3,At Risk
64,4,826.52,3,At Risk
282,1,207.50000000000003,1,Regular
1,13,2894.33,3,At Risk
373,1,244.08,1,Regular
133,2,397.29,3,At Risk
45,2,212.54,3,At Risk
11,5,834.5,3,At Risk
36,5,1740.48,3,At Risk
134,2,408.36,3,At Risk
29,3,1331.57,3,At Risk
52,2,704.25,3,At Risk
138,2,145.79,3,At Risk
5,1,389.84,3,At Risk
9,7,4301.22,3,At Risk
160,1,99.14,1,Regular
49,14,1983.5800000000002,3,At Risk
131,1,304.56,3,At Risk
8,1,77.50000000000001,3,At Risk
233,2,149.57999999999998,1,Regular
37,1,176.68,3,At Risk
147,1,358.56000000000006,1,Regular
1,52,52750.84,0,High Value
72,4,472.12,3,At Risk
40,4,990.8400000000001,3,At Risk
5,16,2295.37,3,At Risk
199,4,557.3,1,Regular
249,1,12.75,1,Regular
66,1,111.68,3,At Risk
117,1,508.4599999999999,3,At Risk
171,1,73.78,1,Regular
21,39,1296.44,0,High Value
142,1,102.83,3,At Risk
32,2,471.7,3,At Risk
38,14,2622.57,3,At Risk
38,5,1098.43,3,At Risk
372,1,123.07,1,Regular
374,1,277.35,1,Regular
166,2,228.2,1,Regular
211,1,582.59,1,Regular
242,1,136.04,1,Regular
52,1,337.04,3,At Risk
25,3,740.79,3,At Risk
15,14,4393.61,3,At Risk
372,1,353.19,1,Regular
29,1,288.14,3,At Risk
365,1,300.91999999999996,1,Regular
36,5,737.81,3,At Risk
166,3,811.45,1,Regular
145,1,152.68,1,Regular
22,1,634.95,3,At Risk
56,1,20.8,3,At Risk
185,1,198.57,1,Regular
12,8,191.17000000000002,3,At Risk
237,3,630.84,1,Regular
225,2,93.35,1,Regular
122,6,629.6899999999999,3,At Risk
282,1,76.1,1,Regular
74,12,1511.3,3,At Risk
37,2,382.06,3,At Risk
12,2,417.23,3,At Risk
362,1,169.47,1,Regular
4,2,249.72,3,At Risk
23,1,444.68,3,At Risk
70,9,2116.19,3,At Risk
235,2,252.24,1,Regular
257,1,174.8,1,Regular
373,1,102.78999999999999,1,Regular
155,2,187.29,1,Regular
28,1,166.42,3,At Risk
4,1,120.03,3,At Risk
32,5,1483.56,3,At Risk
81,3,523.0,3,At Risk
108,2,122.14,3,At Risk
52,1,38.45,3,At Risk
36,1,668.11,3,At Risk
153,3,236.77999999999997,1,Regular
99,1,115.31,3,At Risk
4,3,220.7,3,At Risk
334,1,73.5,1,Regular
65,1,97.97,3,At Risk
22,2,422.88,3,At Risk
36,3,730.4,3,At Risk
32,3,405.62,3,At Risk
154,6,70.02,1,Regular
19,2,357.20000000000005,3,At Risk
12,22,4161.14,0,High Value
54,1,165.04999999999998,3,At Risk
25,3,559.51,3,At Risk
4,11,2085.65,3,At Risk
45,1,189.4,3,At Risk
203,2,172.29000000000002,1,Regular
359,1,74.4,1,Regular
66,2,297.07,3,At Risk
7,11,6752.14,3,At Risk
288,1,363.65,1,Regular
10,1,170.16,3,At Risk
9,4,296.71,3,At Risk
22,10,2119.41,3,At Risk
173,3,720.52,1,Regular
133,2,814.0,3,At Risk
6,15,2380.08,3,At Risk
75,1,318.0,3,At Risk
40,1,396.33,3,At Risk
289,1,101.69999999999999,1,Regular
26,7,2021.82,3,At Risk
258,2,453.0,1,Regular
155,2,-5.329070518200751e-15,1,Regular
114,13,3864.44,3,At Risk
374,1,489.6,1,Regular
23,14,2538.7200000000003,3,At Risk
8,11,2633.0099999999998,3,At Risk
217,2,336.13,1,Regular
45,4,3651.97,3,At Risk
19,2,1231.5,3,At Risk
36,3,343.45,3,At Risk
26,1,703.37,3,At Risk
16,2,87.52999999999999,3,At Risk
330,2,689.95,1,Regular
274,1,101.34,1,Regular
98,4,3770.1199999999994,3,At Risk
61,1,167.67000000000002,3,At Risk
2,12,9065.76,3,At Risk
93,5,2083.42,3,At Risk
82,7,3017.3,3,At Risk
313,2,580.0500000000001,1,Regular
12,3,911.15,3,At Risk
8,7,2692.85,3,At Risk
127,1,168.31,3,At Risk
11,2,223.65,3,At Risk
1,62,256438.49,2,Occasional
37,1,754.64,3,At Risk
38,1,113.48000000000002,3,At Risk
330,1,430.7,1,Regular
249,2,264.65,1,Regular
2,31,7925.32,0,High Value
19,2,206.05,3,At Risk
12,2,352.69,3,At Risk
369,1,76.32000000000001,1,Regular
290,1,220.1,1,Regular
68,8,1418.03,3,At Risk
26,1,320.72,3,At Risk
11,31,5595.77,0,High Value
368,1,181.12,1,Regular
214,1,111.15,1,Regular
149,2,673.1,1,Regular
8,6,1826.21,3,At Risk
24,2,589.4399999999999,3,At Risk
30,5,1141.34,3,At Risk
61,1,206.82999999999998,3,At Risk
19,3,348.73,3,At Risk
243,1,112.55000000000001,1,Regular
9,4,1045.74,3,At Risk
211,2,715.4999999999999,1,Regular
29,5,681.9100000000001,3,At Risk
63,4,761.83,3,At Risk
295,1,152.65,1,Regular
17,8,8393.22,3,At Risk
361,1,-35.400000000000006,1,Regular
151,4,1014.9,1,Regular
117,2,1000.16,3,At Risk
8,12,2888.75,3,At Risk
13,4,2861.55,3,At Risk
141,2,160.35000000000002,3,At Risk
46,2,179.33999999999997,3,At Risk
51,3,612.0799999999999,3,At Risk
32,3,566.58,3,At Risk
135,2,653.35,3,At Risk
3,2,399.19,3,At Risk
75,4,347.82,3,At Risk
13,2,734.94,3,At Risk
9,3,451.75,3,At Risk
301,1,530.15,1,Regular
57,2,638.0600000000001,3,At Risk
10,6,1612.79,3,At Risk
31,2,394.7,3,At Risk
177,1,302.46000000000004,1,Regular
4,6,1355.51,3,At Risk
176,9,1133.64,1,Regular
61,1,202.65,3,At Risk
33,3,980.31,3,At Risk
59,7,1208.51,3,At Risk
15,25,7490.17,0,High Value
87,4,2106.84,3,At Risk
7,1,104.0,3,At Risk
354,2,448.65,1,Regular
31,7,1314.17,3,At Risk
114,6,1573.41,3,At Risk
9,6,1793.17,3,At Risk
5,6,1843.75,3,At Risk
24,1,382.8,3,At Risk
218,6,600.52,1,Regular
15,1,49.8,3,At Risk
249,1,304.25,1,Regular
15,4,1998.49,3,At Risk
78,3,1084.34,3,At Risk
192,3,274.51,1,Regular
262,1,207.79999999999998,1,Regular
72,1,957.97,3,At Risk
151,3,212.96,1,Regular
64,2,896.0,3,At Risk
95,2,689.13,3,At Risk
4,21,5083.06,0,High Value
106,1,163.8,3,At Risk
200,3,1396.99,1,Regular
157,1,160.42000000000002,1,Regular
71,4,1979.3,3,At Risk
36,2,517.36,3,At Risk
29,1,139.10000000000002,3,At Risk
2,6,2621.38,3,At Risk
26,5,600.07,3,At Risk
326,1,248.42,1,Regular
237,1,232.48000000000002,1,Regular
89,1,299.34000000000003,3,At Risk
31,1,481.75,3,At Risk
29,2,621.75,3,At Risk
206,4,626.38,1,Regular
3,11,2019.77,3,At Risk
220,2,297.78000000000003,1,Regular
22,6,1033.31,3,At Risk
93,1,443.0,3,At Risk
2,27,6315.2300000000005,0,High Value
264,1,158.95000000000002,1,Regular
3,17,5361.02,0,High Value
39,14,5192.1,3,At Risk
218,1,93.75,1,Regular
50,3,769.2,3,At Risk
12,20,7276.900000000001,0,High Value
9,10,2716.6000000000004,3,At Risk
192,6,2066.17,1,Regular
82,5,582.47,3,At Risk
326,1,440.0,1,Regular
72,3,1796.48,3,At Risk
30,6,882.24,3,At Risk
3,5,987.1,3,At Risk
219,5,1561.6100000000001,1,Regular
46,1,422.58,3,At Risk
10,18,2058.09,3,At Risk
72,4,2232.4900000000002,3,At Risk
7,8,2507.56,3,At Risk
24,2,596.1,3,At Risk
114,4,783.02,3,At Risk
17,1,95.34,3,At Risk
301,2,342.92,1,Regular
87,1,4314.72,3,At Risk
51,2,526.67,3,At Risk
89,1,103.3,3,At Risk
355,1,-50.1,1,Regular
39,12,2265.38,3,At Risk
25,3,2338.6000000000004,3,At Risk
173,8,2595.0,1,Regular
43,2,324.24,3,At Risk
140,1,149.48,3,At Risk
23,4,1211.08,3,At Risk
72,2,801.51,3,At Risk
134,2,0.0,3,At Risk
358,2,138.9,1,Regular
38,3,238.95000000000002,3,At Risk
3,7,3064.78,3,At Risk
2,3,204.0,3,At Risk
18,2,1.7763568394002505e-15,3,At Risk
21,3,323.36,3,At Risk
58,2,97.63,3,At Risk
74,1,173.9,3,At Risk
278,1,180.60000000000002,1,Regular
181,1,80.82,1,Regular
8,3,176.6,3,At Risk
4,16,2094.88,3,At Risk
43,3,1837.28,3,At Risk
